INSERT INTO obj_ties_groups (idobj_ties_groups, name) VALUES 
(1, 'PARAMS'),
(2, 'OBJECT_TYPE'),
(3, 'INDOOR_FACILITIES'),
(4, 'OUTDOOR_FACILITIES'),
(5, 'NOTICES'),
(6, 'LOCATION'),
(7, 'ABOUT_US');

INSERT INTO obj_fields (idobj_fields, parent, type, name, title, units, orders_values) VALUES 
(1, 0, 12, 'fotos', 'NLS_FOTOS', '', 0),
(2, 0, 2, 'title', 'NLS_TITLE', '', 0),
(3, 0, 4, 'desc', 'NLS_DESC', '', 0),
(4, 0, 4, 'full_description', 'NLS_FULL_DESCRIPTION', '', 0),
(5, 0, 13, 'price', 'NLS_PRICE', '', 0),
(6, 0, 8, 'valuta', 'NLS_VALUTA', '', 0),
(7, 0, 8, 'region', 'NLS_REGION', '', 0),
(8, 7, 8, 'subregion', 'NLS_SUBREGION', '', 0),
(9, 8, 8, 'country', 'NLS_COUNTRY', '', 0),
(10, 9, 8, 'state', 'NLS_STATE', '', 0),
(11, 10, 8, 'city', 'NLS_CITY', '', 0),
(12, 0, 17, 'map', 'NLS_MAP', '', 0);

INSERT INTO obj_fields_values(idobj_fields_values, parent, idobj_fields, value, translate, orders, disabled, count) VALUES
(272, 258, 8, 'NLS_CENTRAL_AFRICA', 1, 2711, 0, 0),
(274, 258, 8, 'NLS_SOUTHERN_AFRICA', 1, 2731, 0, 0),
(268, 257, 8, 'NLS_EASTERN_ASIA', 1, 2671, 0, 0),
(266, 257, 8, 'NLS_SOUTH_CENTRAL_ASIA', 1, 2651, 0, 0),
(265, 257, 8, 'NLS_WESTERN_ASIA_MIDDLE_EAST', 1, 2641, 0, 0),
(269, 257, 8, 'NLS_SOUTH_EAST_ASIA', 1, 2681, 0, 0),
(260, 0, 7, 'NLS_OKEANIA', 1, 2591, 0, 0),
(279, 260, 8, 'NLS_AUSTRALIA_NEW_ZEALAND', 1, 2781, 0, 0),
(280, 260, 8, 'NLS_MELANESIA', 1, 2791, 0, 0),
(281, 260, 8, 'NLS_MICRONESIA_ALL', 1, 2801, 0, 0),
(282, 260, 8, 'NLS_POLYNESIA', 1, 2811, 0, 0),
(302, 264, 9, 'NLS_CZECH_REPUBLIC', 1, 1, 0, 0),
(303, 264, 9, 'NLS_HUNGARY', 1, 1, 0, 0),
(304, 264, 9, 'NLS_POLAND', 1, 1, 0, 0),
(310, 307, 10, 'NLS_Altai Krai', 1, 3091, 0, 0),
(311, 307, 10, 'NLS_Altai Republic', 1, 3101, 0, 0),
(312, 307, 10, 'NLS_Amur Oblast', 1, 3111, 0, 0),
(313, 307, 10, 'NLS_Arkhangelsk Oblast', 1, 3121, 0, 0),
(314, 307, 10, 'NLS_Astrakhan Oblast', 1, 3131, 0, 0),
(315, 307, 10, 'NLS_Bashkortostan', 1, 3141, 0, 0),
(317, 307, 10, 'NLS_Bryansk Oblast', 1, 3161, 0, 0),
(318, 307, 10, 'NLS_Chechen Republic', 1, 3171, 0, 0),
(320, 307, 10, 'NLS_Chelyabinsk Oblast', 1, 3191, 0, 0),
(321, 307, 10, 'NLS_Chukotka Autonomous Okrug', 1, 3201, 0, 0),
(322, 307, 10, 'NLS_Chuvash Republic', 1, 3211, 0, 0),
(324, 307, 10, 'NLS_Dagestan', 1, 3231, 0, 0),
(325, 307, 10, 'NLS_Ingushetia', 1, 3241, 0, 0),
(326, 307, 10, 'NLS_Irkutsk Oblast', 1, 3251, 0, 0),
(328, 307, 10, 'NLS_Jewish Autonomous Oblast', 1, 3271, 0, 0),
(329, 307, 10, 'NLS_Kabardino-Balkaria', 1, 3281, 0, 0),
(330, 307, 10, 'NLS_Kaliningrad Oblast', 1, 3291, 0, 0),
(331, 307, 10, 'NLS_Kalmykia', 1, 3301, 0, 0),
(332, 307, 10, 'NLS_Kaluga Oblast', 1, 3311, 0, 0),
(333, 307, 10, 'NLS_Kamchatka Krai', 1, 3321, 0, 0),
(334, 307, 10, 'NLS_Karachay-Cherkessia', 1, 3331, 0, 0),
(335, 307, 10, 'NLS_Karelia', 1, 3341, 0, 0),
(336, 307, 10, 'NLS_Kemerovo Oblast', 1, 3351, 0, 0),
(337, 307, 10, 'NLS_Khabarovsk Krai', 1, 3361, 0, 0),
(339, 307, 10, 'NLS_Khanty-Mansi Autonomous Okrug', 1, 3381, 0, 0),
(340, 307, 10, 'NLS_Kirov Oblast', 1, 3391, 0, 0),
(338, 307, 10, 'NLS_Khakasia', 1, 3371, 0, 0),
(305, 264, 9, 'NLS_MOLDOVA', 1, 1, 0, 0),
(306, 264, 9, 'NLS_ROMANIA', 1, 1, 0, 0),
(308, 264, 9, 'NLS_SLOVAKIA', 1, 1, 0, 0),
(275, 259, 8, 'NLS_NORTH_AMERICA', 1, 2741, 0, 0),
(277, 259, 8, 'NLS_CARIBBEAN', 1, 2761, 0, 0),
(278, 259, 8, 'NLS_SOUTH_AMERICA', 1, 2771, 0, 0),
(276, 259, 8, 'NLS_CENTRAL_AMERICA', 1, 2751, 0, 0),
(259, 0, 7, 'NLS_AMERICA', 1, 2581, 0, 0),
(257, 0, 7, 'NLS_ASIA', 1, 2561, 0, 0),
(270, 258, 8, 'NLS_NORTHERN_AFRICA', 1, 2691, 0, 0),
(271, 258, 8, 'NLS_WESTERN_AFRICA', 1, 2701, 0, 0),
(309, 264, 9, 'NLS_UKRAINE', 1, 1, 0, 0),
(301, 264, 9, 'NLS_BULGARIA', 1, 1, 0, 0),
(341, 307, 10, 'NLS_Komi Republic', 1, 3401, 0, 0),
(342, 307, 10, 'NLS_Kostroma Oblast', 1, 3411, 0, 0),
(343, 307, 10, 'NLS_Krasnodar Krai', 1, 3421, 0, 0),
(344, 307, 10, 'NLS_Krasnoyarsk Krai', 1, 3431, 0, 0),
(345, 307, 10, 'NLS_Kurgan Oblast', 1, 3441, 0, 0),
(346, 307, 10, 'NLS_Kursk Oblast', 1, 3451, 0, 0),
(347, 307, 10, 'NLS_Leningrad Oblast', 1, 3461, 0, 0),
(348, 307, 10, 'NLS_Lipetsk Oblast', 1, 3471, 0, 0),
(349, 307, 10, 'NLS_Magadan Oblast', 1, 3481, 0, 0),
(350, 307, 10, 'NLS_Mari El', 1, 3491, 0, 0),
(351, 307, 10, 'NLS_Mordovia', 1, 3501, 0, 0),
(352, 307, 10, 'NLS_Moscow', 1, 3511, 0, 0),
(353, 307, 10, 'NLS_Moscow Oblast', 1, 3521, 0, 0),
(354, 307, 10, 'NLS_Murmansk Oblast', 1, 3531, 0, 0),
(355, 307, 10, 'NLS_Nenets Autonomous Okrug', 1, 3541, 0, 0),
(356, 307, 10, 'NLS_Nizhny Novgorod Oblast', 1, 3551, 0, 0),
(357, 307, 10, 'NLS_North Ossetia–Alania', 1, 3561, 0, 0),
(358, 307, 10, 'NLS_Novgorod Oblast', 1, 3571, 0, 0),
(359, 307, 10, 'NLS_Novosibirsk Oblast', 1, 3581, 0, 0),
(360, 307, 10, 'NLS_Omsk Oblast', 1, 3591, 0, 0),
(361, 307, 10, 'NLS_Orenburg Oblast', 1, 3601, 0, 0),
(362, 307, 10, 'NLS_Oryol Oblast', 1, 3611, 0, 0),
(363, 307, 10, 'NLS_Penza Oblast', 1, 3621, 0, 0),
(364, 307, 10, 'NLS_Perm Krai', 1, 3631, 0, 0),
(365, 307, 10, 'NLS_Primorsky Krai', 1, 3641, 0, 0),
(366, 307, 10, 'NLS_Pskov Oblast', 1, 3651, 0, 0),
(367, 307, 10, 'NLS_Republic of Adygea', 1, 3661, 0, 0),
(369, 307, 10, 'NLS_Republic of Buryatia', 1, 3681, 0, 0),
(374, 307, 10, 'NLS_Rostov Oblast', 1, 3731, 0, 0),
(375, 307, 10, 'NLS_Ryazan Oblast', 1, 3741, 0, 0),
(377, 307, 10, 'NLS_Sakha Republic', 1, 3761, 0, 0),
(378, 307, 10, 'NLS_Sakhalin Oblast', 1, 3771, 0, 0),
(379, 307, 10, 'NLS_Samara Oblast', 1, 3781, 0, 0),
(380, 307, 10, 'NLS_Saratov Oblast', 1, 3791, 0, 0),
(381, 307, 10, 'NLS_Smolensk Oblast', 1, 3801, 0, 0),
(382, 307, 10, 'NLS_Stavropol Krai', 1, 3811, 0, 0),
(383, 307, 10, 'NLS_Sverdlovsk Oblast', 1, 3821, 0, 0),
(384, 307, 10, 'NLS_Tambov Oblast', 1, 3831, 0, 0),
(385, 307, 10, 'NLS_Tatarstan', 1, 3841, 0, 0),
(387, 307, 10, 'NLS_Tomsk Oblast', 1, 3861, 0, 0),
(388, 307, 10, 'NLS_Tula Oblast', 1, 3871, 0, 0),
(389, 307, 10, 'NLS_Tuva', 1, 3881, 0, 0),
(391, 307, 10, 'NLS_Tver Oblast', 1, 3901, 0, 0),
(261, 256, 8, 'NLS_WESTERN_EUROPE', 1, 2601, 0, 0),
(262, 256, 8, 'NLS_NORTHERN_EUROPE', 1, 2611, 0, 0),
(273, 258, 8, 'NLS_EASTERN_AFRICA', 1, 2721, 0, 0),
(258, 0, 7, 'NLS_AFRICA', 1, 2571, 0, 0),
(327, 307, 10, 'NLS_Ivanovo Oblast', 1, 3261, 0, 0),
(300, 264, 9, 'NLS_BELARUS', 1, 1, 0, 0),
(263, 256, 8, 'NLS_SOUTHERN_EUROPE', 1, 2621, 0, 0),
(392, 307, 10, 'NLS_Tyumen Oblast', 1, 3911, 0, 0),
(393, 307, 10, 'NLS_Udmurtia', 1, 3921, 0, 0),
(394, 307, 10, 'NLS_Ulyanovsk Oblast', 1, 3931, 0, 0),
(395, 307, 10, 'NLS_Vladimir Oblast', 1, 3941, 0, 0),
(398, 307, 10, 'NLS_Voronezh Oblast', 1, 3971, 0, 0),
(399, 307, 10, 'NLS_Yamalo-Nenets Autonomous Okrug', 1, 3981, 0, 0),
(400, 307, 10, 'NLS_Yaroslavl Oblast', 1, 3991, 0, 0),
(401, 307, 10, 'NLS_Zabaykalsky Krai', 1, 4001, 0, 0),
(425, 0, 14, 'NLS_GBP', 1, 4241, 0, 0),
(402, 347, 11, 'NLS_Saint Petersburg', 1, 4011, 0, 0),
(403, 347, 11, 'NLS_Pushkin', 1, 4021, 0, 0),
(404, 347, 11, 'NLS_Sestroretsk', 1, 4031, 0, 0),
(405, 347, 11, 'NLS_Kronstadt', 1, 4041, 0, 0),
(406, 347, 11, 'NLS_Krasnoye Selo', 1, 4051, 0, 0),
(407, 347, 11, 'NLS_Kolpino', 1, 4061, 0, 0),
(408, 347, 11, 'NLS_Zelenogorsk', 1, 4071, 0, 0),
(409, 347, 11, 'NLS_Pavlovsk', 1, 4081, 0, 0),
(410, 347, 11, 'NLS_Petergof', 1, 4091, 0, 0),
(411, 347, 11, 'NLS_Lomonosov', 1, 4101, 0, 0),
(396, 307, 10, 'NLS_Volgograd Oblast', 1, 3951, 0, 0),
(397, 307, 10, 'NLS_Vologda Oblast', 1, 3961, 0, 0),
(426, 0, 14, 'NLS_CNY', 1, 4251, 0, 0),
(423, 0, 14, 'NLS_EUR', 1, 4221, 0, 0),
(424, 0, 14, 'NLS_RUB', 1, 4231, 0, 0),
(537, 367, 11, 'NLS_ADYGEJSK', 1, 5321, 0, 0),
(538, 367, 11, 'NLS_MAJKOP', 1, 5331, 0, 0),
(539, 311, 11, 'NLS_GORNO_ALTAJSK', 1, 5341, 0, 0),
(540, 310, 11, 'NLS_ALEJSK', 1, 5351, 0, 0),
(541, 310, 11, 'NLS_BARNAUL', 1, 5361, 0, 0),
(542, 310, 11, 'NLS_BELOKURIHA', 1, 5371, 0, 0),
(543, 310, 11, 'NLS_BIJSK', 1, 5381, 0, 0),
(544, 310, 11, 'NLS_GORNJAK', 1, 5391, 0, 0),
(545, 310, 11, 'NLS_ZARINSK', 1, 5401, 0, 0),
(546, 310, 11, 'NLS_ZMEINOGORSK', 1, 5411, 0, 0),
(547, 310, 11, 'NLS_KAMEN_NA_OBI', 1, 5421, 0, 0),
(548, 310, 11, 'NLS_NOVOALTAJSK', 1, 5431, 0, 0),
(549, 310, 11, 'NLS_RUBCOVSK', 1, 5441, 0, 0),
(550, 310, 11, 'NLS_SLAVGOROD', 1, 5451, 0, 0),
(551, 310, 11, 'NLS_JAROVOE', 1, 5461, 0, 0),
(552, 312, 11, 'NLS_BELOGORSK', 1, 5471, 0, 0),
(553, 312, 11, 'NLS_BLAGOVEWENSK', 1, 5481, 0, 0),
(554, 312, 11, 'NLS_ZAVITINSK', 1, 5491, 0, 0),
(556, 312, 11, 'NLS_RAJCHIHINSK', 1, 5511, 0, 0),
(557, 312, 11, 'NLS_SVOBODNYJ', 1, 5521, 0, 0),
(558, 312, 11, 'NLS_SKOVORODINO', 1, 5531, 0, 0),
(559, 312, 11, 'NLS_TYNDA', 1, 5541, 0, 0),
(560, 312, 11, 'NLS_SHIMANOVSK', 1, 5551, 0, 0),
(561, 312, 11, 'NLS_ARHANGELSK', 1, 5561, 0, 0),
(562, 312, 11, 'NLS_VELSK', 1, 5571, 0, 0),
(563, 312, 11, 'NLS_KARGOPOL', 1, 5581, 0, 0),
(564, 312, 11, 'NLS_KORJAZHMA', 1, 5591, 0, 0),
(565, 312, 11, 'NLS_KOTLAS', 1, 5601, 0, 0),
(566, 312, 11, 'NLS_MEZEN', 1, 5611, 0, 0),
(567, 312, 11, 'NLS_MIRNYJ', 1, 5621, 0, 0),
(568, 312, 11, 'NLS_NOVODVINSK', 1, 5631, 0, 0),
(569, 312, 11, 'NLS_NJANDOMA', 1, 5641, 0, 0),
(570, 312, 11, 'NLS_ONEGA', 1, 5651, 0, 0),
(571, 312, 11, 'NLS_SEVERODVINSK', 1, 5661, 0, 0),
(572, 312, 11, 'NLS_SOLVYCHEGODSK', 1, 5671, 0, 0),
(573, 312, 11, 'NLS_SHENKURSK', 1, 5681, 0, 0),
(574, 314, 11, 'NLS_ASTRAHAN', 1, 5691, 0, 0),
(575, 314, 11, 'NLS_AHTUBINSK', 1, 5701, 0, 0),
(576, 314, 11, 'NLS_ZNAMENSK', 1, 5711, 0, 0),
(577, 314, 11, 'NLS_KAMYZJAK', 1, 5721, 0, 0),
(578, 314, 11, 'NLS_NARIMANOV', 1, 5731, 0, 0),
(579, 314, 11, 'NLS_HARABALI', 1, 5741, 0, 0),
(580, 315, 11, 'NLS_AGIDEL', 1, 5751, 0, 0),
(581, 315, 11, 'NLS_BAJMAK', 1, 5761, 0, 0),
(582, 315, 11, 'NLS_BELEBEJ', 1, 5771, 0, 0),
(583, 315, 11, 'NLS_BELORECK', 1, 5781, 0, 0),
(584, 315, 11, 'NLS_BIRSK', 1, 5791, 0, 0),
(585, 315, 11, 'NLS_BLAGOVEWENSK', 1, 5801, 0, 0),
(586, 315, 11, 'NLS_DAVLEKANOVO', 1, 5811, 0, 0),
(587, 315, 11, 'NLS_DJURTJULI', 1, 5821, 0, 0),
(588, 315, 11, 'NLS_ISHIMBAJ', 1, 5831, 0, 0),
(589, 315, 11, 'NLS_KUMERTAU', 1, 5841, 0, 0),
(590, 315, 11, 'NLS_MEZHGORE', 1, 5851, 0, 0),
(591, 315, 11, 'NLS_MELEUZ', 1, 5861, 0, 0),
(592, 315, 11, 'NLS_NEFTEKAMSK', 1, 5871, 0, 0),
(593, 315, 11, 'NLS_OKTJABRSKIJ', 1, 5881, 0, 0),
(594, 315, 11, 'NLS_SALAVAT', 1, 5891, 0, 0),
(595, 315, 11, 'NLS_SIBAJ', 1, 5901, 0, 0),
(596, 315, 11, 'NLS_STERLITAMAK', 1, 5911, 0, 0),
(597, 315, 11, 'NLS_TUJMAZY', 1, 5921, 0, 0),
(598, 315, 11, 'NLS_UFA', 1, 5931, 0, 0),
(599, 315, 11, 'NLS_UCHALY', 1, 5941, 0, 0),
(600, 315, 11, 'NLS_JANAUL', 1, 5951, 0, 0),
(601, 316, 11, 'NLS_ALEKSEEVKA', 1, 5961, 0, 0),
(603, 316, 11, 'NLS_BIRJUCH', 1, 5981, 0, 0),
(604, 316, 11, 'NLS_VALUJKI', 1, 5991, 0, 0),
(605, 316, 11, 'NLS_GRAJVORON', 1, 6001, 0, 0),
(606, 316, 11, 'NLS_GUBKIN', 1, 6011, 0, 0),
(607, 316, 11, 'NLS_KOROCHA', 1, 6021, 0, 0),
(608, 316, 11, 'NLS_NOVYJ_OSKOL', 1, 6031, 0, 0),
(609, 316, 11, 'NLS_STARYJ_OSKOL', 1, 6041, 0, 0),
(610, 316, 11, 'NLS_STROITEL', 1, 6051, 0, 0),
(611, 316, 11, 'NLS_SHEBEKINO', 1, 6061, 0, 0),
(612, 317, 11, 'NLS_BRJANSK', 1, 6071, 0, 0),
(613, 317, 11, 'NLS_DJATKOVO', 1, 6081, 0, 0),
(614, 317, 11, 'NLS_ZHUKOVKA', 1, 6091, 0, 0),
(615, 317, 11, 'NLS_ZLYNKA', 1, 6101, 0, 0),
(616, 317, 11, 'NLS_KARACHEV', 1, 6111, 0, 0),
(617, 317, 11, 'NLS_KLINCY', 1, 6121, 0, 0),
(618, 317, 11, 'NLS_MGLIN', 1, 6131, 0, 0),
(619, 317, 11, 'NLS_NOVOZYBKOV', 1, 6141, 0, 0),
(620, 317, 11, 'NLS_POCHEP', 1, 6151, 0, 0),
(621, 317, 11, 'NLS_SEVSK', 1, 6161, 0, 0),
(622, 317, 11, 'NLS_SELCO', 1, 6171, 0, 0),
(623, 317, 11, 'NLS_STARODUB', 1, 6181, 0, 0),
(624, 317, 11, 'NLS_SURAZH', 1, 6191, 0, 0),
(625, 317, 11, 'NLS_TRUBCHEVSK', 1, 6201, 0, 0),
(626, 317, 11, 'NLS_UNECHA', 1, 6211, 0, 0),
(627, 317, 11, 'NLS_FOKINO', 1, 6221, 0, 0),
(628, 369, 11, 'NLS_BABUSHKIN', 1, 6231, 0, 0),
(629, 369, 11, 'NLS_GUSINOOZJORSK', 1, 6241, 0, 0),
(630, 369, 11, 'NLS_ZAKAMENSK', 1, 6251, 0, 0),
(631, 369, 11, 'NLS_KJAHTA', 1, 6261, 0, 0),
(632, 369, 11, 'NLS_SEVEROBAJKALSK', 1, 6271, 0, 0),
(633, 369, 11, 'NLS_ULAN_UDJE', 1, 6281, 0, 0),
(634, 395, 11, 'NLS_ALEKSANDROV', 1, 6291, 0, 0),
(635, 395, 11, 'NLS_VLADIMIR', 1, 6301, 0, 0),
(636, 395, 11, 'NLS_VJAZNIKI', 1, 6311, 0, 0),
(637, 395, 11, 'NLS_GOROHOVEC', 1, 6321, 0, 0),
(638, 395, 11, 'NLS_GUS_HRUSTALNYJ', 1, 6331, 0, 0),
(639, 395, 11, 'NLS_KAMESHKOVO', 1, 6341, 0, 0),
(640, 395, 11, 'NLS_KARABANOVO', 1, 6351, 0, 0),
(641, 395, 11, 'NLS_KIRZHACH', 1, 6361, 0, 0),
(642, 395, 11, 'NLS_KOVROV', 1, 6371, 0, 0),
(643, 395, 11, 'NLS_KOLCHUGINO', 1, 6381, 0, 0),
(876, 342, 11, 'NLS_KOSTROMA', 1, 8711, 0, 0),
(644, 395, 11, 'NLS_KOSTERJOVO', 1, 6391, 0, 0),
(645, 395, 11, 'NLS_KURLOVO', 1, 6401, 0, 0),
(646, 395, 11, 'NLS_LAKINSK', 1, 6411, 0, 0),
(647, 395, 11, 'NLS_MELENKI', 1, 6421, 0, 0),
(648, 395, 11, 'NLS_MUROM', 1, 6431, 0, 0),
(649, 395, 11, 'NLS_PETUSHKI', 1, 6441, 0, 0),
(650, 395, 11, 'NLS_POKROV', 1, 6451, 0, 0),
(651, 395, 11, 'NLS_RADUZHNYJ', 1, 6461, 0, 0),
(652, 395, 11, 'NLS_SOBINKA', 1, 6471, 0, 0),
(653, 395, 11, 'NLS_STRUNINO', 1, 6481, 0, 0),
(654, 395, 11, 'NLS_SUDOGDA', 1, 6491, 0, 0),
(655, 395, 11, 'NLS_SUZDAL', 1, 6501, 0, 0),
(656, 395, 11, 'NLS_JUREV_POLSKIJ', 1, 6511, 0, 0),
(657, 396, 11, 'NLS_VOLGOGRAD', 1, 6521, 0, 0),
(658, 396, 11, 'NLS_VOLZHSKIJ', 1, 6531, 0, 0),
(659, 396, 11, 'NLS_DUBOVKA', 1, 6541, 0, 0),
(660, 396, 11, 'NLS_ZHIRNOVSK', 1, 6551, 0, 0),
(661, 396, 11, 'NLS_KALACH_NA_DONU', 1, 6561, 0, 0),
(662, 396, 11, 'NLS_KAMYSHIN', 1, 6571, 0, 0),
(663, 396, 11, 'NLS_KOTELNIKOVO', 1, 6581, 0, 0),
(664, 396, 11, 'NLS_KOTOVO', 1, 6591, 0, 0),
(665, 396, 11, 'NLS_KRASNOSLOBODSK', 1, 6601, 0, 0),
(666, 396, 11, 'NLS_LENINSK', 1, 6611, 0, 0),
(668, 396, 11, 'NLS_NIKOLAEVSK', 1, 6631, 0, 0),
(669, 396, 11, 'NLS_NOVOANNINSKIJ', 1, 6641, 0, 0),
(670, 396, 11, 'NLS_PALLASOVKA', 1, 6651, 0, 0),
(671, 396, 11, 'NLS_PETROV_VAL', 1, 6661, 0, 0),
(672, 396, 11, 'NLS_SERAFIMOVICH', 1, 6671, 0, 0),
(673, 396, 11, 'NLS_SUROVIKINO', 1, 6681, 0, 0),
(674, 396, 11, 'NLS_URJUPINSK', 1, 6691, 0, 0),
(675, 396, 11, 'NLS_FROLOVO', 1, 6701, 0, 0),
(678, 397, 11, 'NLS_VELIKIJ_USTJUG', 1, 6731, 0, 0),
(679, 397, 11, 'NLS_VOLOGDA', 1, 6741, 0, 0),
(680, 397, 11, 'NLS_VYTEGRA', 1, 6751, 0, 0),
(681, 397, 11, 'NLS_GRJAZOVEC', 1, 6761, 0, 0),
(682, 397, 11, 'NLS_KADNIKOV', 1, 6771, 0, 0),
(683, 397, 11, 'NLS_KIRILLOV', 1, 6781, 0, 0),
(684, 397, 11, 'NLS_KRASAVINO', 1, 6791, 0, 0),
(685, 397, 11, 'NLS_NIKOLSK', 1, 6801, 0, 0),
(687, 397, 11, 'NLS_TOTMA', 1, 6821, 0, 0),
(688, 397, 11, 'NLS_USTJUZHNA', 1, 6831, 0, 0),
(689, 397, 11, 'NLS_HAROVSK', 1, 6841, 0, 0),
(690, 397, 11, 'NLS_CHEREPOVEC', 1, 6851, 0, 0),
(691, 398, 11, 'NLS_BOBROV', 1, 6861, 0, 0),
(692, 398, 11, 'NLS_BOGUCHAR', 1, 6871, 0, 0),
(693, 398, 11, 'NLS_BORISOGLEBSK', 1, 6881, 0, 0),
(694, 398, 11, 'NLS_BUTURLINOVKA', 1, 6891, 0, 0),
(695, 398, 11, 'NLS_VORONEZH', 1, 6901, 0, 0),
(696, 398, 11, 'NLS_KALACH', 1, 6911, 0, 0),
(697, 398, 11, 'NLS_LISKI', 1, 6921, 0, 0),
(698, 398, 11, 'NLS_NOVOVORONEZH', 1, 6931, 0, 0),
(699, 398, 11, 'NLS_NOVOHOPJORSK', 1, 6941, 0, 0),
(700, 398, 11, 'NLS_OSTROGOZHSK', 1, 6951, 0, 0),
(701, 398, 11, 'NLS_PAVLOVSK', 1, 6961, 0, 0),
(702, 398, 11, 'NLS_POVORINO', 1, 6971, 0, 0),
(703, 398, 11, 'NLS_ROSSOSH', 1, 6981, 0, 0),
(704, 398, 11, 'NLS_SEMILUKI', 1, 6991, 0, 0),
(705, 398, 11, 'NLS_JERTIL', 1, 7001, 0, 0),
(706, 324, 11, 'NLS_BUJNAKSK', 1, 7011, 0, 0),
(707, 324, 11, 'NLS_DAGESTANSKIE_OGNI', 1, 7021, 0, 0),
(708, 324, 11, 'NLS_DERBENT', 1, 7031, 0, 0),
(709, 324, 11, 'NLS_IZBERBASH', 1, 7041, 0, 0),
(710, 324, 11, 'NLS_KASPIJSK', 1, 7051, 0, 0),
(711, 324, 11, 'NLS_KIZILJURT', 1, 7061, 0, 0),
(712, 324, 11, 'NLS_KIZLJAR', 1, 7071, 0, 0),
(713, 324, 11, 'NLS_MAHACHKALA', 1, 7081, 0, 0),
(714, 324, 11, 'NLS_HASAVJURT', 1, 7091, 0, 0),
(715, 324, 11, 'NLS_JUZHNO_SUHOKUMSK', 1, 7101, 0, 0),
(716, 328, 11, 'NLS_BIROBIDZHAN', 1, 7111, 0, 0),
(717, 328, 11, 'NLS_OBLUCHE', 1, 7121, 0, 0),
(718, 401, 11, 'NLS_BALEJ', 1, 7131, 0, 0),
(719, 401, 11, 'NLS_BORZJA', 1, 7141, 0, 0),
(720, 401, 11, 'NLS_KRASNOKAMENSK', 1, 7151, 0, 0),
(721, 401, 11, 'NLS_MOGOCHA', 1, 7161, 0, 0),
(722, 401, 11, 'NLS_NERCHINSK', 1, 7171, 0, 0),
(723, 401, 11, 'NLS_PETROVSK_ZABAJKALSKIJ', 1, 7181, 0, 0),
(724, 401, 11, 'NLS_SRETENSK', 1, 7191, 0, 0),
(725, 401, 11, 'NLS_HILOK', 1, 7201, 0, 0),
(726, 401, 11, 'NLS_CHITA', 1, 7211, 0, 0),
(727, 401, 11, 'NLS_SHILKA', 1, 7221, 0, 0),
(728, 327, 11, 'NLS_VICHUGA', 1, 7231, 0, 0),
(729, 327, 11, 'NLS_GAVRILOV_POSAD', 1, 7241, 0, 0),
(730, 327, 11, 'NLS_ZAVOLZHSK', 1, 7251, 0, 0),
(732, 327, 11, 'NLS_KINESHMA', 1, 7271, 0, 0),
(733, 327, 11, 'NLS_KOMSOMOLSK', 1, 7281, 0, 0),
(734, 327, 11, 'NLS_KOHMA', 1, 7291, 0, 0),
(735, 327, 11, 'NLS_NAVOLOKI', 1, 7301, 0, 0),
(736, 327, 11, 'NLS_PLJOS', 1, 7311, 0, 0),
(737, 327, 11, 'NLS_PRIVOLZHSK', 1, 7321, 0, 0),
(738, 327, 11, 'NLS_PUCHEZH', 1, 7331, 0, 0),
(739, 327, 11, 'NLS_RODNIKI', 1, 7341, 0, 0),
(740, 327, 11, 'NLS_TEJKOVO', 1, 7351, 0, 0),
(741, 327, 11, 'NLS_FURMANOV', 1, 7361, 0, 0),
(742, 327, 11, 'NLS_SHUJA', 1, 7371, 0, 0),
(743, 327, 11, 'NLS_JUZHA', 1, 7381, 0, 0),
(744, 327, 11, 'NLS_JUREVEC', 1, 7391, 0, 0),
(745, 325, 11, 'NLS_KARABULAK', 1, 7401, 0, 0),
(746, 325, 11, 'NLS_MAGAS', 1, 7411, 0, 0),
(747, 325, 11, 'NLS_MALGOBEK', 1, 7421, 0, 0),
(748, 325, 11, 'NLS_NAZRAN', 1, 7431, 0, 0),
(749, 326, 11, 'NLS_ALZAMAJ', 1, 7441, 0, 0),
(750, 326, 11, 'NLS_ANGARSK', 1, 7451, 0, 0),
(751, 326, 11, 'NLS_BAJKALSK', 1, 7461, 0, 0),
(752, 326, 11, 'NLS_BIRJUSINSK', 1, 7471, 0, 0),
(753, 326, 11, 'NLS_BODAJBO', 1, 7481, 0, 0),
(754, 326, 11, 'NLS_BRATSK', 1, 7491, 0, 0),
(755, 326, 11, 'NLS_VIHOREVKA', 1, 7501, 0, 0),
(756, 326, 11, 'NLS_ZHELEZNOGORSK_ILIMSKIJ', 1, 7511, 0, 0),
(757, 326, 11, 'NLS_ZIMA', 1, 7521, 0, 0),
(758, 326, 11, 'NLS_IRKUTSK', 1, 7531, 0, 0),
(759, 326, 11, 'NLS_KIRENSK', 1, 7541, 0, 0),
(667, 396, 11, 'NLS_MIHAJLOVKA', 1, 6621, 0, 0),
(676, 397, 11, 'NLS_BABAEVO', 1, 6711, 0, 0),
(731, 327, 11, 'NLS_IVANOVO', 1, 7261, 0, 0),
(760, 326, 11, 'NLS_NIZHNEUDINSK', 1, 7551, 0, 0),
(761, 326, 11, 'NLS_SAJANSK', 1, 7561, 0, 0),
(762, 326, 11, 'NLS_SVIRSK', 1, 7571, 0, 0),
(763, 326, 11, 'NLS_SLJUDJANKA', 1, 7581, 0, 0),
(764, 326, 11, 'NLS_TAJSHET', 1, 7591, 0, 0),
(765, 326, 11, 'NLS_TULUN', 1, 7601, 0, 0),
(766, 326, 11, 'NLS_USOLE_SIBIRSKOE', 1, 7611, 0, 0),
(767, 326, 11, 'NLS_UST_ILIMSK', 1, 7621, 0, 0),
(768, 326, 11, 'NLS_UST_KUT', 1, 7631, 0, 0),
(769, 326, 11, 'NLS_CHEREMHOVO', 1, 7641, 0, 0),
(770, 326, 11, 'NLS_SHELEHOV', 1, 7651, 0, 0),
(771, 329, 11, 'NLS_BAKSAN', 1, 7661, 0, 0),
(772, 329, 11, 'NLS_MAJSKIJ', 1, 7671, 0, 0),
(773, 329, 11, 'NLS_NALCHIK', 1, 7681, 0, 0),
(774, 329, 11, 'NLS_NARTKALA', 1, 7691, 0, 0),
(775, 329, 11, 'NLS_PROHLADNYJ', 1, 7701, 0, 0),
(776, 329, 11, 'NLS_TEREK', 1, 7711, 0, 0),
(777, 329, 11, 'NLS_TYRNYAUZ', 1, 7721, 0, 0),
(778, 329, 11, 'NLS_CHEGEM', 1, 7731, 0, 0),
(779, 331, 11, 'NLS_GORODOVIKOVSK', 1, 7741, 0, 0),
(780, 331, 11, 'NLS_LAGAN', 1, 7751, 0, 0),
(781, 331, 11, 'NLS_JELISTA', 1, 7761, 0, 0),
(782, 332, 11, 'NLS_BALABANOVO', 1, 7771, 0, 0),
(783, 332, 11, 'NLS_BELOUSOVO', 1, 7781, 0, 0),
(784, 332, 11, 'NLS_BOROVSK', 1, 7791, 0, 0),
(785, 332, 11, 'NLS_ERMOLINO', 1, 7801, 0, 0),
(786, 332, 11, 'NLS_ZHIZDRA', 1, 7811, 0, 0),
(787, 332, 11, 'NLS_ZHUKOV', 1, 7821, 0, 0),
(788, 332, 11, 'NLS_KALUGA', 1, 7831, 0, 0),
(789, 332, 11, 'NLS_KIROV', 1, 7841, 0, 0),
(790, 332, 11, 'NLS_KOZELSK', 1, 7851, 0, 0),
(791, 332, 11, 'NLS_KONDROVO', 1, 7861, 0, 0),
(792, 332, 11, 'NLS_KREMJONKI', 1, 7871, 0, 0),
(793, 332, 11, 'NLS_LJUDINOVO', 1, 7881, 0, 0),
(794, 332, 11, 'NLS_MALOJAROSLAVEC', 1, 7891, 0, 0),
(795, 332, 11, 'NLS_MEDYN', 1, 7901, 0, 0),
(796, 332, 11, 'NLS_MEWOVSK', 1, 7911, 0, 0),
(797, 332, 11, 'NLS_MOSALSK', 1, 7921, 0, 0),
(798, 332, 11, 'NLS_OBNINSK', 1, 7931, 0, 0),
(799, 332, 11, 'NLS_SOSENSKIJ', 1, 7941, 0, 0),
(800, 332, 11, 'NLS_SPAS_DEMENSK', 1, 7951, 0, 0),
(801, 332, 11, 'NLS_SUHINICHI', 1, 7961, 0, 0),
(802, 332, 11, 'NLS_TARUSA', 1, 7971, 0, 0),
(803, 332, 11, 'NLS_JUHNOV', 1, 7981, 0, 0),
(804, 333, 11, 'NLS_VILJUCHINSK', 1, 7991, 0, 0),
(805, 333, 11, 'NLS_ELIZOVO', 1, 8001, 0, 0),
(806, 333, 11, 'NLS_PETROPAVLOVSK_KAMCHATSKIJ', 1, 8011, 0, 0),
(807, 334, 11, 'NLS_KARACHAEVSK', 1, 8021, 0, 0),
(808, 334, 11, 'NLS_TEBERDA', 1, 8031, 0, 0),
(809, 334, 11, 'NLS_UST_DZHEGUTA', 1, 8041, 0, 0),
(810, 334, 11, 'NLS_CHERKESSK', 1, 8051, 0, 0),
(811, 335, 11, 'NLS_BELOMORSK', 1, 8061, 0, 0),
(812, 335, 11, 'NLS_KEM', 1, 8071, 0, 0),
(813, 335, 11, 'NLS_KONDOPOGA', 1, 8081, 0, 0),
(814, 335, 11, 'NLS_KOSTOMUKSHA', 1, 8091, 0, 0),
(815, 335, 11, 'NLS_LAHDENPOHJA', 1, 8101, 0, 0),
(816, 335, 11, 'NLS_MEDVEZHEGORSK', 1, 8111, 0, 0),
(817, 335, 11, 'NLS_OLONEC', 1, 8121, 0, 0),
(818, 335, 11, 'NLS_PETROZAVODSK', 1, 8131, 0, 0),
(819, 335, 11, 'NLS_PITKJARANTA', 1, 8141, 0, 0),
(820, 335, 11, 'NLS_PUDOZH', 1, 8151, 0, 0),
(821, 335, 11, 'NLS_SEGEZHA', 1, 8161, 0, 0),
(822, 335, 11, 'NLS_SORTAVALA', 1, 8171, 0, 0),
(823, 335, 11, 'NLS_SUOJARVI', 1, 8181, 0, 0),
(824, 336, 11, 'NLS_ANZHERO_SUDZHENSK', 1, 8191, 0, 0),
(825, 336, 11, 'NLS_BELOVO', 1, 8201, 0, 0),
(826, 336, 11, 'NLS_BERJOZOVSKIJ', 1, 8211, 0, 0),
(827, 336, 11, 'NLS_GUREVSK', 1, 8221, 0, 0),
(828, 336, 11, 'NLS_KALTAN', 1, 8231, 0, 0),
(829, 336, 11, 'NLS_KEMEROVO', 1, 8241, 0, 0),
(830, 336, 11, 'NLS_KISELJOVSK', 1, 8251, 0, 0),
(831, 336, 11, 'NLS_LENINSK_KUZNECKIJ', 1, 8261, 0, 0),
(832, 336, 11, 'NLS_MARIINSK', 1, 8271, 0, 0),
(833, 336, 11, 'NLS_MEZHDURECHENSK', 1, 8281, 0, 0),
(834, 336, 11, 'NLS_MYSKI', 1, 8291, 0, 0),
(835, 336, 11, 'NLS_NOVOKUZNECK', 1, 8301, 0, 0),
(836, 336, 11, 'NLS_OSINNIKI', 1, 8311, 0, 0),
(837, 336, 11, 'NLS_POLYSAEVO', 1, 8321, 0, 0),
(838, 336, 11, 'NLS_PROKOPEVSK', 1, 8331, 0, 0),
(839, 336, 11, 'NLS_SALAIR', 1, 8341, 0, 0),
(840, 336, 11, 'NLS_TAJGA', 1, 8351, 0, 0),
(841, 336, 11, 'NLS_TASHTAGOL', 1, 8361, 0, 0),
(842, 336, 11, 'NLS_TOPKI', 1, 8371, 0, 0),
(843, 336, 11, 'NLS_JURGA', 1, 8381, 0, 0),
(844, 340, 11, 'NLS_BELAJA_HOLUNICA', 1, 8391, 0, 0),
(845, 340, 11, 'NLS_VJATSKIE_POLJANY', 1, 8401, 0, 0),
(846, 340, 11, 'NLS_ZUEVKA', 1, 8411, 0, 0),
(847, 340, 11, 'NLS_KIROV', 1, 8421, 0, 0),
(848, 340, 11, 'NLS_KIROVO_CHEPECK', 1, 8431, 0, 0),
(849, 340, 11, 'NLS_KIRS', 1, 8441, 0, 0),
(850, 340, 11, 'NLS_KOTELNICH', 1, 8451, 0, 0),
(851, 340, 11, 'NLS_LUZA', 1, 8461, 0, 0),
(852, 340, 11, 'NLS_MALMYZH', 1, 8471, 0, 0),
(853, 340, 11, 'NLS_MURASHI', 1, 8481, 0, 0),
(854, 340, 11, 'NLS_NOLINSK', 1, 8491, 0, 0),
(855, 340, 11, 'NLS_OMUTNINSK', 1, 8501, 0, 0),
(856, 340, 11, 'NLS_ORLOV', 1, 8511, 0, 0),
(857, 340, 11, 'NLS_SLOBODSKOJ', 1, 8521, 0, 0),
(858, 340, 11, 'NLS_SOVETSK', 1, 8531, 0, 0),
(859, 340, 11, 'NLS_SOSNOVKA', 1, 8541, 0, 0),
(860, 340, 11, 'NLS_URZHUM', 1, 8551, 0, 0),
(861, 340, 11, 'NLS_JARANSK', 1, 8561, 0, 0),
(862, 341, 11, 'NLS_VORKUTA', 1, 8571, 0, 0),
(863, 341, 11, 'NLS_VUKTYL', 1, 8581, 0, 0),
(864, 341, 11, 'NLS_EMVA', 1, 8591, 0, 0),
(865, 341, 11, 'NLS_INTA', 1, 8601, 0, 0),
(866, 341, 11, 'NLS_MIKUN', 1, 8611, 0, 0),
(867, 341, 11, 'NLS_PECHORA', 1, 8621, 0, 0),
(868, 341, 11, 'NLS_SOSNOGORSK', 1, 8631, 0, 0),
(869, 341, 11, 'NLS_SYKTYVKAR', 1, 8641, 0, 0),
(870, 341, 11, 'NLS_USINSK', 1, 8651, 0, 0),
(871, 341, 11, 'NLS_UHTA', 1, 8661, 0, 0),
(872, 342, 11, 'NLS_BUJ', 1, 8671, 0, 0),
(873, 342, 11, 'NLS_VOLGORECHENSK', 1, 8681, 0, 0),
(874, 342, 11, 'NLS_GALICH', 1, 8691, 0, 0),
(875, 342, 11, 'NLS_KOLOGRIV', 1, 8701, 0, 0),
(877, 342, 11, 'NLS_MAKAREV', 1, 8721, 0, 0),
(878, 342, 11, 'NLS_MANTUROVO', 1, 8731, 0, 0),
(879, 342, 11, 'NLS_NEREHTA', 1, 8741, 0, 0),
(880, 342, 11, 'NLS_NEJA', 1, 8751, 0, 0),
(881, 342, 11, 'NLS_SOLIGALICH', 1, 8761, 0, 0),
(882, 342, 11, 'NLS_CHUHLOMA', 1, 8771, 0, 0),
(883, 342, 11, 'NLS_SHARJA', 1, 8781, 0, 0),
(884, 343, 11, 'NLS_ABINSK', 1, 8791, 0, 0),
(885, 343, 11, 'NLS_ANAPA', 1, 8801, 0, 0),
(886, 343, 11, 'NLS_APSHERONSK', 1, 8811, 0, 0),
(887, 343, 11, 'NLS_ARMAVIR', 1, 8821, 0, 0),
(888, 343, 11, 'NLS_BELORECHENSK', 1, 8831, 0, 0),
(889, 343, 11, 'NLS_GELENDZHIK', 1, 8841, 0, 0),
(890, 343, 11, 'NLS_GORJACHIJ_KLJUCH', 1, 8851, 0, 0),
(891, 343, 11, 'NLS_GULKEVICHI', 1, 8861, 0, 0),
(892, 343, 11, 'NLS_EJSK', 1, 8871, 0, 0),
(893, 343, 11, 'NLS_KORENOVSK', 1, 8881, 0, 0),
(894, 343, 11, 'NLS_KRASNODAR', 1, 8891, 0, 0),
(895, 343, 11, 'NLS_KROPOTKIN', 1, 8901, 0, 0),
(896, 343, 11, 'NLS_KRYMSK', 1, 8911, 0, 0),
(897, 343, 11, 'NLS_KURGANINSK', 1, 8921, 0, 0),
(898, 343, 11, 'NLS_LABINSK', 1, 8931, 0, 0),
(899, 343, 11, 'NLS_NOVOKUBANSK', 1, 8941, 0, 0),
(900, 343, 11, 'NLS_NOVOROSSIJSK', 1, 8951, 0, 0),
(901, 343, 11, 'NLS_PRIMORSKO_AHTARSK', 1, 8961, 0, 0),
(902, 343, 11, 'NLS_SLAVJANSK_NA_KUBANI', 1, 8971, 0, 0),
(903, 343, 11, 'NLS_SOCHI', 1, 8981, 0, 0),
(904, 343, 11, 'NLS_TEMRJUK', 1, 8991, 0, 0),
(905, 343, 11, 'NLS_TIMASHJOVSK', 1, 9001, 0, 0),
(906, 343, 11, 'NLS_TIHORECK', 1, 9011, 0, 0),
(907, 343, 11, 'NLS_TUAPSE', 1, 9021, 0, 0),
(908, 343, 11, 'NLS_UST_LABINSK', 1, 9031, 0, 0),
(909, 343, 11, 'NLS_HADYZHENSK', 1, 9041, 0, 0),
(910, 344, 11, 'NLS_ARTJOMOVSK', 1, 9051, 0, 0),
(911, 344, 11, 'NLS_ACHINSK', 1, 9061, 0, 0),
(912, 344, 11, 'NLS_BOGOTOL', 1, 9071, 0, 0),
(913, 344, 11, 'NLS_BORODINO', 1, 9081, 0, 0),
(914, 344, 11, 'NLS_DIVNOGORSK', 1, 9091, 0, 0),
(915, 344, 11, 'NLS_DUDINKA', 1, 9101, 0, 0),
(916, 344, 11, 'NLS_ENISEJSK', 1, 9111, 0, 0),
(917, 344, 11, 'NLS_ZHELEZNOGORSK', 1, 9121, 0, 0),
(918, 344, 11, 'NLS_ZAOZJORNYJ', 1, 9131, 0, 0),
(919, 344, 11, 'NLS_ZELENOGORSK', 1, 9141, 0, 0),
(920, 344, 11, 'NLS_IGARKA', 1, 9151, 0, 0),
(921, 344, 11, 'NLS_ILANSKIJ', 1, 9161, 0, 0),
(922, 344, 11, 'NLS_KANSK', 1, 9171, 0, 0),
(923, 344, 11, 'NLS_KODINSK', 1, 9181, 0, 0),
(924, 344, 11, 'NLS_KRASNOJARSK', 1, 9191, 0, 0),
(925, 344, 11, 'NLS_LESOSIBIRSK', 1, 9201, 0, 0),
(926, 344, 11, 'NLS_MINUSINSK', 1, 9211, 0, 0),
(927, 344, 11, 'NLS_NAZAROVO', 1, 9221, 0, 0),
(928, 344, 11, 'NLS_NORILSK', 1, 9231, 0, 0),
(929, 344, 11, 'NLS_SOSNOVOBORSK', 1, 9241, 0, 0),
(930, 344, 11, 'NLS_UZHUR', 1, 9251, 0, 0),
(931, 344, 11, 'NLS_UJAR', 1, 9261, 0, 0),
(932, 344, 11, 'NLS_SHARYPOVO', 1, 9271, 0, 0),
(933, 345, 11, 'NLS_DALMATOVO', 1, 9281, 0, 0),
(934, 345, 11, 'NLS_KATAJSK', 1, 9291, 0, 0),
(935, 345, 11, 'NLS_KURGAN', 1, 9301, 0, 0),
(936, 345, 11, 'NLS_KURTAMYSH', 1, 9311, 0, 0),
(937, 345, 11, 'NLS_MAKUSHINO', 1, 9321, 0, 0),
(938, 345, 11, 'NLS_PETUHOVO', 1, 9331, 0, 0),
(939, 345, 11, 'NLS_SHADRINSK', 1, 9341, 0, 0),
(940, 345, 11, 'NLS_SHUMIHA', 1, 9351, 0, 0),
(941, 345, 11, 'NLS_WUCHE', 1, 9361, 0, 0),
(942, 346, 11, 'NLS_DMITRIEV', 1, 9371, 0, 0),
(943, 346, 11, 'NLS_ZHELEZNOGORSK', 1, 9381, 0, 0),
(944, 346, 11, 'NLS_KURSK', 1, 9391, 0, 0),
(945, 346, 11, 'NLS_KURCHATOV', 1, 9401, 0, 0),
(946, 346, 11, 'NLS_LGOV', 1, 9411, 0, 0),
(947, 346, 11, 'NLS_OBOJAN', 1, 9421, 0, 0),
(948, 346, 11, 'NLS_RYLSK', 1, 9431, 0, 0),
(949, 346, 11, 'NLS_SUDZHA', 1, 9441, 0, 0),
(950, 346, 11, 'NLS_FATEZH', 1, 9451, 0, 0),
(951, 346, 11, 'NLS_WIGRY', 1, 9461, 0, 0),
(952, 348, 11, 'NLS_GRJAZI', 1, 9471, 0, 0),
(953, 348, 11, 'NLS_DANKOV', 1, 9481, 0, 0),
(954, 348, 11, 'NLS_ELEC', 1, 9491, 0, 0),
(955, 348, 11, 'NLS_ZADONSK', 1, 9501, 0, 0),
(956, 348, 11, 'NLS_LEBEDJAN', 1, 9511, 0, 0),
(957, 348, 11, 'NLS_LIPECK', 1, 9521, 0, 0),
(958, 348, 11, 'NLS_USMAN', 1, 9531, 0, 0),
(959, 348, 11, 'NLS_CHAPLYGIN', 1, 9541, 0, 0),
(960, 349, 11, 'NLS_MAGADAN', 1, 9551, 0, 0),
(961, 349, 11, 'NLS_SUSUMAN', 1, 9561, 0, 0),
(962, 350, 11, 'NLS_VOLZHSK', 1, 9571, 0, 0),
(963, 350, 11, 'NLS_ZVENIGOVO', 1, 9581, 0, 0),
(964, 350, 11, 'NLS_JOSHKAR_OLA', 1, 9591, 0, 0),
(965, 350, 11, 'NLS_KOZMODEMJANSK', 1, 9601, 0, 0),
(966, 351, 11, 'NLS_ARDATOV', 1, 9611, 0, 0),
(967, 351, 11, 'NLS_INSAR', 1, 9621, 0, 0),
(968, 351, 11, 'NLS_KOVYLKINO', 1, 9631, 0, 0),
(969, 351, 11, 'NLS_KRASNOSLOBODSK', 1, 9641, 0, 0),
(970, 351, 11, 'NLS_RUZAEVKA', 1, 9651, 0, 0),
(971, 351, 11, 'NLS_SARANSK', 1, 9661, 0, 0),
(972, 351, 11, 'NLS_TEMNIKOV', 1, 9671, 0, 0),
(973, 352, 11, 'NLS_MOSKVA', 1, 9681, 0, 0),
(974, 353, 11, 'NLS_APRELEVKA', 1, 9691, 0, 0),
(975, 353, 11, 'NLS_BALASHIHA', 1, 9701, 0, 0),
(976, 353, 11, 'NLS_BRONNICY', 1, 9711, 0, 0),
(977, 353, 11, 'NLS_VEREJA', 1, 9721, 0, 0),
(978, 353, 11, 'NLS_VIDNOE', 1, 9731, 0, 0),
(979, 353, 11, 'NLS_VOLOKOLAMSK', 1, 9741, 0, 0),
(980, 353, 11, 'NLS_VOSKRESENSK', 1, 9751, 0, 0),
(981, 353, 11, 'NLS_VYSOKOVSK', 1, 9761, 0, 0),
(982, 353, 11, 'NLS_GOLICYNO', 1, 9771, 0, 0),
(983, 353, 11, 'NLS_DEDOVSK', 1, 9781, 0, 0),
(984, 353, 11, 'NLS_DZERZHINSKIJ', 1, 9791, 0, 0),
(985, 353, 11, 'NLS_DMITROV', 1, 9801, 0, 0),
(986, 353, 11, 'NLS_DOLGOPRUDNYJ', 1, 9811, 0, 0),
(987, 353, 11, 'NLS_DOMODEDOVO', 1, 9821, 0, 0),
(988, 353, 11, 'NLS_DREZNA', 1, 9831, 0, 0),
(989, 353, 11, 'NLS_DUBNA', 1, 9841, 0, 0),
(990, 353, 11, 'NLS_EGOREVSK', 1, 9851, 0, 0),
(991, 353, 11, 'NLS_ZHELEZNODOROZHNYJ', 1, 9861, 0, 0),
(992, 353, 11, 'NLS_ZHUKOVSKIJ', 1, 9871, 0, 0),
(993, 353, 11, 'NLS_ZARAJSK', 1, 9881, 0, 0),
(994, 353, 11, 'NLS_ZVENIGOROD', 1, 9891, 0, 0),
(995, 353, 11, 'NLS_IVANTEEVKA', 1, 9901, 0, 0),
(996, 353, 11, 'NLS_ISTRA', 1, 9911, 0, 0),
(997, 353, 11, 'NLS_KASHIRA', 1, 9921, 0, 0),
(998, 353, 11, 'NLS_KLIMOVSK', 1, 9931, 0, 0),
(999, 353, 11, 'NLS_KLIN', 1, 9941, 0, 0),
(1000, 353, 11, 'NLS_KOLOMNA', 1, 9951, 0, 0),
(1001, 353, 11, 'NLS_KOTELNIKI', 1, 9961, 0, 0),
(1002, 353, 11, 'NLS_KOROLJOV', 1, 9971, 0, 0),
(1003, 353, 11, 'NLS_KRASNOARMEJSK', 1, 9981, 0, 0),
(1004, 353, 11, 'NLS_KRASNOGORSK', 1, 9991, 0, 0),
(1005, 353, 11, 'NLS_KRASNOZAVODSK', 1, 10001, 0, 0),
(1006, 353, 11, 'NLS_KRASNOZNAMENSK', 1, 10011, 0, 0),
(1007, 353, 11, 'NLS_KUBINKA', 1, 10021, 0, 0),
(1008, 353, 11, 'NLS_KUROVSKOE', 1, 10031, 0, 0),
(1009, 353, 11, 'NLS_LIKINO_DULJOVO', 1, 10041, 0, 0),
(1010, 353, 11, 'NLS_LOBNJA', 1, 10051, 0, 0),
(1011, 353, 11, 'NLS_LOSINO_PETROVSKIJ', 1, 10061, 0, 0),
(1012, 353, 11, 'NLS_LUHOVICY', 1, 10071, 0, 0),
(1013, 353, 11, 'NLS_LYTKARINO', 1, 10081, 0, 0),
(1014, 353, 11, 'NLS_LJUBERCY', 1, 10091, 0, 0),
(1015, 353, 11, 'NLS_MOZHAJSK', 1, 10101, 0, 0),
(1016, 353, 11, 'NLS_MOSKOVSKIJ', 1, 10111, 0, 0),
(1017, 353, 11, 'NLS_MYTIWI', 1, 10121, 0, 0),
(1018, 353, 11, 'NLS_NARO_FOMINSK', 1, 10131, 0, 0),
(1019, 353, 11, 'NLS_NOGINSK', 1, 10141, 0, 0),
(1020, 353, 11, 'NLS_ODINCOVO', 1, 10151, 0, 0),
(1021, 353, 11, 'NLS_OZHERELE', 1, 10161, 0, 0),
(1022, 353, 11, 'NLS_OZJORY', 1, 10171, 0, 0),
(1023, 353, 11, 'NLS_OREHOVO_ZUEVO', 1, 10181, 0, 0),
(1024, 353, 11, 'NLS_PAVLOVSKIJ_POSAD', 1, 10191, 0, 0),
(1025, 353, 11, 'NLS_PERESVET', 1, 10201, 0, 0),
(1026, 353, 11, 'NLS_PODOLSK', 1, 10211, 0, 0),
(1027, 353, 11, 'NLS_PROTVINO', 1, 10221, 0, 0),
(1028, 353, 11, 'NLS_PUSHKINO', 1, 10231, 0, 0),
(1029, 353, 11, 'NLS_PUWINO', 1, 10241, 0, 0),
(1030, 353, 11, 'NLS_RAMENSKOE', 1, 10251, 0, 0),
(1031, 353, 11, 'NLS_REUTOV', 1, 10261, 0, 0),
(1032, 353, 11, 'NLS_ROSHAL', 1, 10271, 0, 0),
(1033, 353, 11, 'NLS_RUZA', 1, 10281, 0, 0),
(1034, 353, 11, 'NLS_SERGIEV_POSAD', 1, 10291, 0, 0),
(1035, 353, 11, 'NLS_SERPUHOV', 1, 10301, 0, 0),
(1036, 353, 11, 'NLS_SOLNECHNOGORSK', 1, 10311, 0, 0),
(1037, 353, 11, 'NLS_STARAJA_KUPAVNA', 1, 10321, 0, 0),
(1038, 353, 11, 'NLS_STUPINO', 1, 10331, 0, 0),
(1039, 353, 11, 'NLS_TALDOM', 1, 10341, 0, 0),
(1040, 353, 11, 'NLS_TROICK', 1, 10351, 0, 0),
(1041, 353, 11, 'NLS_FRJAZINO', 1, 10361, 0, 0),
(1042, 353, 11, 'NLS_HIMKI', 1, 10371, 0, 0),
(1043, 353, 11, 'NLS_HOTKOVO', 1, 10381, 0, 0),
(1044, 353, 11, 'NLS_CHERNOGOLOVKA', 1, 10391, 0, 0),
(1045, 353, 11, 'NLS_CHEHOV', 1, 10401, 0, 0),
(1046, 353, 11, 'NLS_SHATURA', 1, 10411, 0, 0),
(1047, 353, 11, 'NLS_WJOLKOVO', 1, 10421, 0, 0),
(1048, 353, 11, 'NLS_WERBINKA', 1, 10431, 0, 0),
(1049, 353, 11, 'NLS_JELEKTROGORSK', 1, 10441, 0, 0),
(1050, 353, 11, 'NLS_JELEKTROSTAL', 1, 10451, 0, 0),
(1051, 353, 11, 'NLS_JELEKTROUGLI', 1, 10461, 0, 0),
(1052, 353, 11, 'NLS_JUBILEJNYJ', 1, 10471, 0, 0),
(1053, 353, 11, 'NLS_JAHROMA', 1, 10481, 0, 0),
(1054, 354, 11, 'NLS_APATITY', 1, 10491, 0, 0),
(1055, 354, 11, 'NLS_GADZHIEVO', 1, 10501, 0, 0),
(1056, 354, 11, 'NLS_ZAOZJORSK', 1, 10511, 0, 0),
(1057, 354, 11, 'NLS_ZAPOLJARNYJ', 1, 10521, 0, 0),
(1058, 354, 11, 'NLS_KANDALAKSHA', 1, 10531, 0, 0),
(1059, 354, 11, 'NLS_KIROVSK', 1, 10541, 0, 0),
(1060, 354, 11, 'NLS_KOVDOR', 1, 10551, 0, 0),
(1061, 354, 11, 'NLS_KOLA', 1, 10561, 0, 0),
(1062, 354, 11, 'NLS_MONCHEGORSK', 1, 10571, 0, 0),
(1063, 354, 11, 'NLS_MURMANSK', 1, 10581, 0, 0),
(1064, 354, 11, 'NLS_OLENEGORSK', 1, 10591, 0, 0),
(1065, 354, 11, 'NLS_OSTROVNOJ', 1, 10601, 0, 0),
(1066, 354, 11, 'NLS_POLJARNYE_ZORI', 1, 10611, 0, 0),
(1067, 354, 11, 'NLS_POLJARNYJ', 1, 10621, 0, 0),
(1068, 354, 11, 'NLS_SEVEROMORSK', 1, 10631, 0, 0),
(1069, 354, 11, 'NLS_SNEZHNOGORSK', 1, 10641, 0, 0),
(1070, 355, 11, 'NLS_NARJAN_MAR', 1, 10651, 0, 0),
(1071, 356, 11, 'NLS_ARZAMAS', 1, 10661, 0, 0),
(1072, 356, 11, 'NLS_BALAHNA', 1, 10671, 0, 0),
(1073, 356, 11, 'NLS_BOGORODSK', 1, 10681, 0, 0),
(1074, 356, 11, 'NLS_BOR', 1, 10691, 0, 0),
(1075, 356, 11, 'NLS_VETLUGA', 1, 10701, 0, 0),
(1076, 356, 11, 'NLS_VOLODARSK', 1, 10711, 0, 0),
(1077, 356, 11, 'NLS_VORSMA', 1, 10721, 0, 0),
(1078, 356, 11, 'NLS_VYKSA', 1, 10731, 0, 0),
(1079, 356, 11, 'NLS_GORBATOV', 1, 10741, 0, 0),
(1080, 356, 11, 'NLS_GORODEC', 1, 10751, 0, 0),
(1081, 356, 11, 'NLS_DZERZHINSK', 1, 10761, 0, 0),
(1082, 356, 11, 'NLS_ZAVOLZHE', 1, 10771, 0, 0),
(1083, 356, 11, 'NLS_KNJAGININO', 1, 10781, 0, 0),
(1084, 356, 11, 'NLS_KSTOVO', 1, 10791, 0, 0),
(1085, 356, 11, 'NLS_KULEBAKI', 1, 10801, 0, 0),
(1086, 356, 11, 'NLS_LUKOJANOV', 1, 10811, 0, 0),
(1087, 356, 11, 'NLS_LYSKOVO', 1, 10821, 0, 0),
(1088, 356, 11, 'NLS_NAVASHINO', 1, 10831, 0, 0),
(1089, 356, 11, 'NLS_NIZHNIJ_NOVGOROD', 1, 10841, 0, 0),
(1090, 356, 11, 'NLS_PAVLOVO', 1, 10851, 0, 0),
(1091, 356, 11, 'NLS_PERVOMAJSK', 1, 10861, 0, 0),
(1092, 356, 11, 'NLS_PEREVOZ', 1, 10871, 0, 0),
(1093, 356, 11, 'NLS_SAROV', 1, 10881, 0, 0),
(1094, 356, 11, 'NLS_SEMJONOV', 1, 10891, 0, 0),
(1095, 356, 11, 'NLS_SERGACH', 1, 10901, 0, 0),
(1096, 356, 11, 'NLS_UREN', 1, 10911, 0, 0),
(1097, 356, 11, 'NLS_CHKALOVSK', 1, 10921, 0, 0),
(1098, 356, 11, 'NLS_SHAHUNJA', 1, 10931, 0, 0),
(1099, 358, 11, 'NLS_BOROVICHI', 1, 10941, 0, 0),
(1100, 358, 11, 'NLS_VALDAJ', 1, 10951, 0, 0),
(1101, 358, 11, 'NLS_VELIKIJ_NOVGOROD', 1, 10961, 0, 0),
(1102, 358, 11, 'NLS_MALAJA_VISHERA', 1, 10971, 0, 0),
(1103, 358, 11, 'NLS_OKULOVKA', 1, 10981, 0, 0),
(1104, 358, 11, 'NLS_PESTOVO', 1, 10991, 0, 0),
(1105, 358, 11, 'NLS_SOLCY', 1, 11001, 0, 0),
(1106, 358, 11, 'NLS_STARAJA_RUSSA', 1, 11011, 0, 0),
(1107, 358, 11, 'NLS_HOLM', 1, 11021, 0, 0),
(1108, 358, 11, 'NLS_CHUDOVO', 1, 11031, 0, 0),
(1109, 359, 11, 'NLS_BARABINSK', 1, 11041, 0, 0),
(1110, 359, 11, 'NLS_BERDSK', 1, 11051, 0, 0),
(1111, 359, 11, 'NLS_BOLOTNOE', 1, 11061, 0, 0),
(1112, 359, 11, 'NLS_ISKITIM', 1, 11071, 0, 0),
(1113, 359, 11, 'NLS_KARASUK', 1, 11081, 0, 0),
(1114, 359, 11, 'NLS_KARGAT', 1, 11091, 0, 0),
(1115, 359, 11, 'NLS_KUJBYSHEV', 1, 11101, 0, 0),
(1116, 359, 11, 'NLS_KUPINO', 1, 11111, 0, 0),
(1117, 359, 11, 'NLS_NOVOSIBIRSK', 1, 11121, 0, 0),
(1118, 359, 11, 'NLS_OB', 1, 11131, 0, 0),
(1119, 359, 11, 'NLS_TATARSK', 1, 11141, 0, 0),
(1120, 359, 11, 'NLS_TOGUCHIN', 1, 11151, 0, 0),
(1121, 359, 11, 'NLS_CHEREPANOVO', 1, 11161, 0, 0),
(1122, 359, 11, 'NLS_CHULYM', 1, 11171, 0, 0),
(1123, 360, 11, 'NLS_ISILKUL', 1, 11181, 0, 0),
(1124, 360, 11, 'NLS_KALACHINSK', 1, 11191, 0, 0),
(1125, 360, 11, 'NLS_NAZYVAEVSK', 1, 11201, 0, 0),
(1126, 360, 11, 'NLS_OMSK', 1, 11211, 0, 0),
(1127, 360, 11, 'NLS_TARA', 1, 11221, 0, 0),
(1128, 360, 11, 'NLS_TJUKALINSK', 1, 11231, 0, 0),
(1129, 361, 11, 'NLS_ABDULINO', 1, 11241, 0, 0),
(1130, 361, 11, 'NLS_BUGURUSLAN', 1, 11251, 0, 0),
(1131, 361, 11, 'NLS_BUZULUK', 1, 11261, 0, 0),
(1132, 361, 11, 'NLS_GAJ', 1, 11271, 0, 0),
(1133, 361, 11, 'NLS_KUVANDYK', 1, 11281, 0, 0),
(1134, 361, 11, 'NLS_MEDNOGORSK', 1, 11291, 0, 0),
(1135, 361, 11, 'NLS_NOVOTROICK', 1, 11301, 0, 0),
(1136, 361, 11, 'NLS_ORENBURG', 1, 11311, 0, 0),
(1137, 361, 11, 'NLS_ORSK', 1, 11321, 0, 0),
(1138, 361, 11, 'NLS_SOL_ILECK', 1, 11331, 0, 0),
(1139, 361, 11, 'NLS_SOROCHINSK', 1, 11341, 0, 0),
(1140, 361, 11, 'NLS_JASNYJ', 1, 11351, 0, 0),
(1141, 362, 11, 'NLS_BOLHOV', 1, 11361, 0, 0),
(1142, 362, 11, 'NLS_DMITROVSK', 1, 11371, 0, 0),
(1143, 362, 11, 'NLS_LIVNY', 1, 11381, 0, 0),
(1144, 362, 11, 'NLS_MALOARHANGELSK', 1, 11391, 0, 0),
(1145, 362, 11, 'NLS_MCENSK', 1, 11401, 0, 0),
(1146, 362, 11, 'NLS_NOVOSIL', 1, 11411, 0, 0),
(1147, 362, 11, 'NLS_ORJOL', 1, 11421, 0, 0),
(1148, 363, 11, 'NLS_BELINSKIJ', 1, 11431, 0, 0),
(1149, 363, 11, 'NLS_GORODIWE', 1, 11441, 0, 0),
(1150, 363, 11, 'NLS_ZARECHNYJ', 1, 11451, 0, 0),
(1151, 363, 11, 'NLS_KAMENKA', 1, 11461, 0, 0),
(1152, 363, 11, 'NLS_KUZNECK', 1, 11471, 0, 0),
(1153, 363, 11, 'NLS_NIZHNIJ_LOMOV', 1, 11481, 0, 0),
(1154, 363, 11, 'NLS_NIKOLSK', 1, 11491, 0, 0),
(1155, 363, 11, 'NLS_PENZA', 1, 11501, 0, 0),
(1156, 363, 11, 'NLS_SERDOBSK', 1, 11511, 0, 0),
(1157, 363, 11, 'NLS_SPASSK', 1, 11521, 0, 0),
(1158, 363, 11, 'NLS_SURSK', 1, 11531, 0, 0),
(1159, 364, 11, 'NLS_ALEKSANDROVSK', 1, 11541, 0, 0),
(1160, 364, 11, 'NLS_BEREZNIKI', 1, 11551, 0, 0),
(1161, 364, 11, 'NLS_VEREWAGINO', 1, 11561, 0, 0),
(1162, 364, 11, 'NLS_GORNOZAVODSK', 1, 11571, 0, 0),
(1163, 364, 11, 'NLS_GREMJACHINSK', 1, 11581, 0, 0),
(1164, 364, 11, 'NLS_GUBAHA', 1, 11591, 0, 0),
(1165, 364, 11, 'NLS_DOBRJANKA', 1, 11601, 0, 0),
(1166, 364, 11, 'NLS_KIZEL', 1, 11611, 0, 0),
(1167, 364, 11, 'NLS_KRASNOVISHERSK', 1, 11621, 0, 0),
(1168, 364, 11, 'NLS_KRASNOKAMSK', 1, 11631, 0, 0),
(1169, 364, 11, 'NLS_KUDYMKAR', 1, 11641, 0, 0),
(1170, 364, 11, 'NLS_KUNGUR', 1, 11651, 0, 0),
(1171, 364, 11, 'NLS_LYSVA', 1, 11661, 0, 0),
(1172, 364, 11, 'NLS_NYTVA', 1, 11671, 0, 0),
(1173, 364, 11, 'NLS_OSA', 1, 11681, 0, 0),
(1174, 364, 11, 'NLS_OHANSK', 1, 11691, 0, 0),
(1175, 364, 11, 'NLS_OCHJOR', 1, 11701, 0, 0),
(1176, 364, 11, 'NLS_PERM', 1, 11711, 0, 0),
(1177, 364, 11, 'NLS_SOLIKAMSK', 1, 11721, 0, 0),
(1178, 364, 11, 'NLS_USOLE', 1, 11731, 0, 0),
(1179, 364, 11, 'NLS_CHAJKOVSKIJ', 1, 11741, 0, 0),
(1180, 364, 11, 'NLS_CHERDYN', 1, 11751, 0, 0),
(1181, 364, 11, 'NLS_CHJORMOZ', 1, 11761, 0, 0),
(1182, 364, 11, 'NLS_CHERNUSHKA', 1, 11771, 0, 0),
(1183, 364, 11, 'NLS_CHUSOVOJ', 1, 11781, 0, 0),
(1184, 365, 11, 'NLS_ARSENEV', 1, 11791, 0, 0),
(1185, 365, 11, 'NLS_ARTJOM', 1, 11801, 0, 0),
(1186, 365, 11, 'NLS_BOLSHOJ_KAMEN', 1, 11811, 0, 0),
(1187, 365, 11, 'NLS_VLADIVOSTOK', 1, 11821, 0, 0),
(1188, 365, 11, 'NLS_DALNEGORSK', 1, 11831, 0, 0),
(1189, 365, 11, 'NLS_DALNERECHENSK', 1, 11841, 0, 0),
(1190, 365, 11, 'NLS_LESOZAVODSK', 1, 11851, 0, 0),
(1191, 365, 11, 'NLS_NAHODKA', 1, 11861, 0, 0),
(1192, 365, 11, 'NLS_PARTIZANSK', 1, 11871, 0, 0),
(1193, 365, 11, 'NLS_SPASSK_DALNIJ', 1, 11881, 0, 0),
(1194, 365, 11, 'NLS_USSURIJSK', 1, 11891, 0, 0),
(1195, 365, 11, 'NLS_FOKINO', 1, 11901, 0, 0),
(1196, 366, 11, 'NLS_VELIKIE_LUKI', 1, 11911, 0, 0),
(1197, 366, 11, 'NLS_GDOV', 1, 11921, 0, 0),
(1198, 366, 11, 'NLS_DNO', 1, 11931, 0, 0),
(1199, 366, 11, 'NLS_NEVEL', 1, 11941, 0, 0),
(1200, 366, 11, 'NLS_NOVORZHEV', 1, 11951, 0, 0),
(1201, 366, 11, 'NLS_NOVOSOKOLNIKI', 1, 11961, 0, 0),
(1202, 366, 11, 'NLS_OPOCHKA', 1, 11971, 0, 0),
(1203, 366, 11, 'NLS_OSTROV', 1, 11981, 0, 0),
(1204, 366, 11, 'NLS_PECHORY', 1, 11991, 0, 0),
(1205, 366, 11, 'NLS_PORHOV', 1, 12001, 0, 0),
(1206, 366, 11, 'NLS_PSKOV', 1, 12011, 0, 0),
(1207, 366, 11, 'NLS_PUSTOSHKA', 1, 12021, 0, 0),
(1208, 366, 11, 'NLS_PYTALOVO', 1, 12031, 0, 0),
(1209, 366, 11, 'NLS_SEBEZH', 1, 12041, 0, 0),
(1210, 374, 11, 'NLS_AZOV', 1, 12051, 0, 0),
(1211, 374, 11, 'NLS_AKSAJ', 1, 12061, 0, 0),
(1212, 374, 11, 'NLS_BATAJSK', 1, 12071, 0, 0),
(1213, 374, 11, 'NLS_BELAJA_KALITVA', 1, 12081, 0, 0),
(1214, 374, 11, 'NLS_VOLGODONSK', 1, 12091, 0, 0),
(1215, 374, 11, 'NLS_GUKOVO', 1, 12101, 0, 0),
(1216, 374, 11, 'NLS_DONECK', 1, 12111, 0, 0),
(1217, 374, 11, 'NLS_ZVEREVO', 1, 12121, 0, 0),
(1218, 374, 11, 'NLS_ZERNOGRAD', 1, 12131, 0, 0),
(1219, 374, 11, 'NLS_KAMENSK_SHAHTINSKIJ', 1, 12141, 0, 0),
(1220, 374, 11, 'NLS_KONSTANTINOVSK', 1, 12151, 0, 0),
(1221, 374, 11, 'NLS_KRASNYJ_SULIN', 1, 12161, 0, 0),
(1222, 374, 11, 'NLS_MILLEROVO', 1, 12171, 0, 0),
(1223, 374, 11, 'NLS_MOROZOVSK', 1, 12181, 0, 0),
(1224, 374, 11, 'NLS_NOVOCHERKASSK', 1, 12191, 0, 0),
(1225, 374, 11, 'NLS_NOVOSHAHTINSK', 1, 12201, 0, 0),
(1226, 374, 11, 'NLS_PROLETARSK', 1, 12211, 0, 0),
(1227, 374, 11, 'NLS_ROSTOV_NA_DONU', 1, 12221, 0, 0),
(1228, 374, 11, 'NLS_SALSK', 1, 12231, 0, 0),
(1229, 374, 11, 'NLS_SEMIKARAKORSK', 1, 12241, 0, 0),
(1230, 374, 11, 'NLS_TAGANROG', 1, 12251, 0, 0),
(1231, 374, 11, 'NLS_CIMLJANSK', 1, 12261, 0, 0),
(1232, 374, 11, 'NLS_SHAHTY', 1, 12271, 0, 0),
(1233, 375, 11, 'NLS_KASIMOV', 1, 12281, 0, 0),
(1234, 375, 11, 'NLS_KORABLINO', 1, 12291, 0, 0),
(1235, 375, 11, 'NLS_MIHAJLOV', 1, 12301, 0, 0),
(1236, 375, 11, 'NLS_NOVOMICHURINSK', 1, 12311, 0, 0),
(1237, 375, 11, 'NLS_RYBNOE', 1, 12321, 0, 0),
(1238, 375, 11, 'NLS_RJAZHSK', 1, 12331, 0, 0),
(1239, 375, 11, 'NLS_RJAZAN', 1, 12341, 0, 0),
(1240, 375, 11, 'NLS_SASOVO', 1, 12351, 0, 0),
(1241, 375, 11, 'NLS_SKOPIN', 1, 12361, 0, 0),
(1242, 375, 11, 'NLS_SPAS_KLEPIKI', 1, 12371, 0, 0),
(1243, 375, 11, 'NLS_SPASSK_RJAZANSKIJ', 1, 12381, 0, 0),
(1244, 375, 11, 'NLS_SHACK', 1, 12391, 0, 0),
(1245, 379, 11, 'NLS_ZHIGULJOVSK', 1, 12401, 0, 0),
(1246, 379, 11, 'NLS_KINEL', 1, 12411, 0, 0),
(1247, 379, 11, 'NLS_NEFTEGORSK', 1, 12421, 0, 0),
(1248, 379, 11, 'NLS_NOVOKUJBYSHEVSK', 1, 12431, 0, 0),
(1249, 379, 11, 'NLS_OKTJABRSK', 1, 12441, 0, 0),
(1250, 379, 11, 'NLS_OTRADNYJ', 1, 12451, 0, 0),
(1251, 379, 11, 'NLS_POHVISTNEVO', 1, 12461, 0, 0),
(1252, 379, 11, 'NLS_SAMARA', 1, 12471, 0, 0),
(1253, 379, 11, 'NLS_SYZRAN', 1, 12481, 0, 0),
(1254, 379, 11, 'NLS_TOLJATTI', 1, 12491, 0, 0),
(1255, 379, 11, 'NLS_CHAPAEVSK', 1, 12501, 0, 0),
(1256, 380, 11, 'NLS_ARKADAK', 1, 12511, 0, 0),
(1257, 380, 11, 'NLS_ATKARSK', 1, 12521, 0, 0),
(1258, 380, 11, 'NLS_BALAKOVO', 1, 12531, 0, 0),
(1259, 380, 11, 'NLS_BALASHOV', 1, 12541, 0, 0),
(1260, 380, 11, 'NLS_VOLSK', 1, 12551, 0, 0),
(1261, 380, 11, 'NLS_ERSHOV', 1, 12561, 0, 0),
(1262, 380, 11, 'NLS_KALININSK', 1, 12571, 0, 0),
(1263, 380, 11, 'NLS_KRASNOARMEJSK', 1, 12581, 0, 0),
(1264, 380, 11, 'NLS_KRASNYJ_KUT', 1, 12591, 0, 0),
(1265, 380, 11, 'NLS_MARKS', 1, 12601, 0, 0),
(1266, 380, 11, 'NLS_NOVOUZENSK', 1, 12611, 0, 0),
(1267, 380, 11, 'NLS_PETROVSK', 1, 12621, 0, 0),
(1268, 380, 11, 'NLS_PUGACHJOV', 1, 12631, 0, 0),
(1269, 380, 11, 'NLS_RTIWEVO', 1, 12641, 0, 0),
(1270, 380, 11, 'NLS_SARATOV', 1, 12651, 0, 0),
(1271, 380, 11, 'NLS_HVALYNSK', 1, 12661, 0, 0),
(1272, 380, 11, 'NLS_SHIHANY', 1, 12671, 0, 0),
(1273, 380, 11, 'NLS_JENGELS', 1, 12681, 0, 0),
(1274, 380, 11, 'NLS_ALEKSANDROVSK_SAHALINSKIJ', 1, 12691, 0, 0),
(1275, 380, 11, 'NLS_ANIVA', 1, 12701, 0, 0),
(1276, 380, 11, 'NLS_DOLINSK', 1, 12711, 0, 0),
(1277, 380, 11, 'NLS_KORSAKOV', 1, 12721, 0, 0),
(1278, 380, 11, 'NLS_KURILSK', 1, 12731, 0, 0),
(1279, 380, 11, 'NLS_MAKAROV', 1, 12741, 0, 0),
(1280, 380, 11, 'NLS_NEVELSK', 1, 12751, 0, 0),
(1281, 380, 11, 'NLS_OHA', 1, 12761, 0, 0),
(1282, 380, 11, 'NLS_PORONAJSK', 1, 12771, 0, 0),
(1283, 380, 11, 'NLS_SEVERO_KURILSK', 1, 12781, 0, 0),
(1284, 380, 11, 'NLS_TOMARI', 1, 12791, 0, 0),
(1285, 380, 11, 'NLS_UGLEGORSK', 1, 12801, 0, 0),
(1286, 380, 11, 'NLS_HOLMSK', 1, 12811, 0, 0),
(1287, 380, 11, 'NLS_SHAHTJORSK', 1, 12821, 0, 0),
(1288, 380, 11, 'NLS_JUZHNO_SAHALINSK', 1, 12831, 0, 0),
(1289, 378, 11, 'NLS_ALEKSANDROVSK_SAHALINSKIJ', 1, 12841, 0, 0),
(1290, 378, 11, 'NLS_ANIVA', 1, 12851, 0, 0),
(1291, 378, 11, 'NLS_DOLINSK', 1, 12861, 0, 0),
(1292, 378, 11, 'NLS_KORSAKOV', 1, 12871, 0, 0),
(1293, 378, 11, 'NLS_KURILSK', 1, 12881, 0, 0),
(1294, 378, 11, 'NLS_MAKAROV', 1, 12891, 0, 0),
(1295, 378, 11, 'NLS_NEVELSK', 1, 12901, 0, 0),
(1296, 378, 11, 'NLS_OHA', 1, 12911, 0, 0),
(1297, 378, 11, 'NLS_PORONAJSK', 1, 12921, 0, 0),
(1298, 378, 11, 'NLS_SEVERO_KURILSK', 1, 12931, 0, 0),
(1299, 378, 11, 'NLS_TOMARI', 1, 12941, 0, 0),
(1300, 378, 11, 'NLS_UGLEGORSK', 1, 12951, 0, 0),
(1301, 378, 11, 'NLS_HOLMSK', 1, 12961, 0, 0),
(1302, 378, 11, 'NLS_SHAHTJORSK', 1, 12971, 0, 0),
(1303, 378, 11, 'NLS_JUZHNO_SAHALINSK', 1, 12981, 0, 0),
(1304, 383, 11, 'NLS_ALAPAEVSK', 1, 12991, 0, 0),
(1305, 383, 11, 'NLS_ARAMIL', 1, 13001, 0, 0),
(1306, 383, 11, 'NLS_ARTJOMOVSKIJ', 1, 13011, 0, 0),
(1307, 383, 11, 'NLS_ASBEST', 1, 13021, 0, 0),
(1308, 383, 11, 'NLS_BERJOZOVSKIJ', 1, 13031, 0, 0),
(1309, 383, 11, 'NLS_BOGDANOVICH', 1, 13041, 0, 0),
(1310, 383, 11, 'NLS_VERHNIJ_TAGIL', 1, 13051, 0, 0),
(1311, 383, 11, 'NLS_VERHNJAJA_PYSHMA', 1, 13061, 0, 0),
(1312, 383, 11, 'NLS_VERHNJAJA_SALDA', 1, 13071, 0, 0),
(1313, 383, 11, 'NLS_VERHNJAJA_TURA', 1, 13081, 0, 0),
(1314, 383, 11, 'NLS_VERHOTURE', 1, 13091, 0, 0),
(1315, 383, 11, 'NLS_VOLCHANSK', 1, 13101, 0, 0),
(1316, 383, 11, 'NLS_DEGTJARSK', 1, 13111, 0, 0),
(1317, 383, 11, 'NLS_EKATERINBURG', 1, 13121, 0, 0),
(1318, 383, 11, 'NLS_ZARECHNYJ', 1, 13131, 0, 0),
(1319, 383, 11, 'NLS_IVDEL', 1, 13141, 0, 0),
(1320, 383, 11, 'NLS_IRBIT', 1, 13151, 0, 0),
(1321, 383, 11, 'NLS_KAMENSK_URALSKIJ', 1, 13161, 0, 0),
(1322, 383, 11, 'NLS_KAMYSHLOV', 1, 13171, 0, 0),
(1323, 383, 11, 'NLS_KARPINSK', 1, 13181, 0, 0),
(1324, 383, 11, 'NLS_KACHKANAR', 1, 13191, 0, 0),
(1325, 383, 11, 'NLS_KIROVGRAD', 1, 13201, 0, 0),
(1326, 383, 11, 'NLS_KRASNOTURINSK', 1, 13211, 0, 0),
(1327, 383, 11, 'NLS_KRASNOURALSK', 1, 13221, 0, 0),
(1328, 383, 11, 'NLS_KRASNOUFIMSK', 1, 13231, 0, 0),
(1329, 383, 11, 'NLS_KUSHVA', 1, 13241, 0, 0),
(1330, 383, 11, 'NLS_LESNOJ', 1, 13251, 0, 0),
(1331, 383, 11, 'NLS_MIHAJLOVSK', 1, 13261, 0, 0),
(1332, 383, 11, 'NLS_NEVJANSK', 1, 13271, 0, 0),
(1333, 383, 11, 'NLS_NIZHNIE_SERGI', 1, 13281, 0, 0),
(1334, 383, 11, 'NLS_NIZHNIJ_TAGIL', 1, 13291, 0, 0),
(1335, 383, 11, 'NLS_NIZHNJAJA_SALDA', 1, 13301, 0, 0),
(1336, 383, 11, 'NLS_NIZHNJAJA_TURA', 1, 13311, 0, 0),
(1337, 383, 11, 'NLS_NOVAJA_LJALJA', 1, 13321, 0, 0),
(1338, 383, 11, 'NLS_NOVOURALSK', 1, 13331, 0, 0),
(1454, 389, 11, 'NLS_SHAGONAR', 1, 14491, 0, 0),
(1339, 383, 11, 'NLS_PERVOURALSK', 1, 13341, 0, 0),
(1340, 383, 11, 'NLS_POLEVSKOJ', 1, 13351, 0, 0),
(1341, 383, 11, 'NLS_REVDA', 1, 13361, 0, 0),
(1342, 383, 11, 'NLS_REZH', 1, 13371, 0, 0),
(1343, 383, 11, 'NLS_SEVEROURALSK', 1, 13381, 0, 0),
(1344, 383, 11, 'NLS_SEROV', 1, 13391, 0, 0),
(1345, 383, 11, 'NLS_SREDNEURALSK', 1, 13401, 0, 0),
(1346, 383, 11, 'NLS_SUHOJ_LOG', 1, 13411, 0, 0),
(1347, 383, 11, 'NLS_SYSERT', 1, 13421, 0, 0),
(1348, 383, 11, 'NLS_TAVDA', 1, 13431, 0, 0),
(1349, 383, 11, 'NLS_TALICA', 1, 13441, 0, 0),
(1350, 383, 11, 'NLS_TURINSK', 1, 13451, 0, 0),
(1351, 357, 11, 'NLS_ALAGIR', 1, 13461, 0, 0),
(1352, 357, 11, 'NLS_ARDON', 1, 13471, 0, 0),
(1353, 357, 11, 'NLS_BESLAN', 1, 13481, 0, 0),
(1354, 357, 11, 'NLS_VLADIKAVKAZ', 1, 13491, 0, 0),
(1355, 357, 11, 'NLS_DIGORA', 1, 13501, 0, 0),
(1356, 357, 11, 'NLS_MOZDOK', 1, 13511, 0, 0),
(1357, 381, 11, 'NLS_VELIZH', 1, 13521, 0, 0),
(1358, 381, 11, 'NLS_VJAZMA', 1, 13531, 0, 0),
(1359, 381, 11, 'NLS_GAGARIN', 1, 13541, 0, 0),
(1360, 381, 11, 'NLS_DEMIDOV', 1, 13551, 0, 0),
(1361, 381, 11, 'NLS_DESNOGORSK', 1, 13561, 0, 0),
(1362, 381, 11, 'NLS_DOROGOBUZH', 1, 13571, 0, 0),
(1363, 381, 11, 'NLS_DUHOVWINA', 1, 13581, 0, 0),
(1364, 381, 11, 'NLS_ELNJA', 1, 13591, 0, 0),
(1365, 381, 11, 'NLS_POCHINOK', 1, 13601, 0, 0),
(1366, 381, 11, 'NLS_ROSLAVL', 1, 13611, 0, 0),
(1367, 381, 11, 'NLS_RUDNJA', 1, 13621, 0, 0),
(1368, 381, 11, 'NLS_SAFONOVO', 1, 13631, 0, 0),
(1369, 381, 11, 'NLS_SMOLENSK', 1, 13641, 0, 0),
(1370, 381, 11, 'NLS_SYCHJOVKA', 1, 13651, 0, 0),
(1371, 381, 11, 'NLS_JARCEVO', 1, 13661, 0, 0),
(1372, 382, 11, 'NLS_BLAGODARNYJ', 1, 13671, 0, 0),
(1373, 382, 11, 'NLS_BUDJONNOVSK', 1, 13681, 0, 0),
(1374, 382, 11, 'NLS_GEORGIEVSK', 1, 13691, 0, 0),
(1375, 382, 11, 'NLS_ESSENTUKI', 1, 13701, 0, 0),
(1376, 382, 11, 'NLS_ZHELEZNOVODSK', 1, 13711, 0, 0),
(1377, 382, 11, 'NLS_ZELENOKUMSK', 1, 13721, 0, 0),
(1378, 382, 11, 'NLS_IZOBILNYJ', 1, 13731, 0, 0),
(1379, 382, 11, 'NLS_IPATOVO', 1, 13741, 0, 0),
(1380, 382, 11, 'NLS_KISLOVODSK', 1, 13751, 0, 0),
(1381, 382, 11, 'NLS_LERMONTOV', 1, 13761, 0, 0),
(1382, 382, 11, 'NLS_MINERALNYE_VODY', 1, 13771, 0, 0),
(1383, 382, 11, 'NLS_MIHAJLOVSK', 1, 13781, 0, 0),
(1384, 382, 11, 'NLS_NEVINNOMYSSK', 1, 13791, 0, 0),
(1385, 382, 11, 'NLS_NEFTEKUMSK', 1, 13801, 0, 0),
(1386, 382, 11, 'NLS_NOVOALEKSANDROVSK', 1, 13811, 0, 0),
(1387, 382, 11, 'NLS_NOVOPAVLOVSK', 1, 13821, 0, 0),
(1388, 382, 11, 'NLS_PJATIGORSK', 1, 13831, 0, 0),
(1389, 382, 11, 'NLS_SVETLOGRAD', 1, 13841, 0, 0),
(1390, 382, 11, 'NLS_STAVROPOL', 1, 13851, 0, 0),
(1391, 384, 11, 'NLS_ZHERDEVKA', 1, 13861, 0, 0),
(1392, 384, 11, 'NLS_KIRSANOV', 1, 13871, 0, 0),
(1393, 384, 11, 'NLS_KOTOVSK', 1, 13881, 0, 0),
(1394, 384, 11, 'NLS_MICHURINSK', 1, 13891, 0, 0),
(1395, 384, 11, 'NLS_MORSHANSK', 1, 13901, 0, 0),
(1396, 384, 11, 'NLS_RASSKAZOVO', 1, 13911, 0, 0),
(1397, 384, 11, 'NLS_TAMBOV', 1, 13921, 0, 0),
(1398, 384, 11, 'NLS_UVAROVO', 1, 13931, 0, 0),
(1399, 385, 11, 'NLS_AGRYZ', 1, 13941, 0, 0),
(1400, 385, 11, 'NLS_AZNAKAEVO', 1, 13951, 0, 0),
(1401, 385, 11, 'NLS_ALMETEVSK', 1, 13961, 0, 0),
(1402, 385, 11, 'NLS_ARSK', 1, 13971, 0, 0),
(1403, 385, 11, 'NLS_BAVLY', 1, 13981, 0, 0),
(1404, 385, 11, 'NLS_BOLGAR', 1, 13991, 0, 0),
(1405, 385, 11, 'NLS_BUGULMA', 1, 14001, 0, 0),
(1406, 385, 11, 'NLS_BUINSK', 1, 14011, 0, 0),
(1407, 385, 11, 'NLS_ELABUGA', 1, 14021, 0, 0),
(1408, 385, 11, 'NLS_ZAINSK', 1, 14031, 0, 0),
(1409, 385, 11, 'NLS_ZELENODOLSK', 1, 14041, 0, 0),
(1410, 385, 11, 'NLS_KAZAN', 1, 14051, 0, 0),
(1411, 385, 11, 'NLS_LAISHEVO', 1, 14061, 0, 0),
(1412, 385, 11, 'NLS_LENINOGORSK', 1, 14071, 0, 0),
(1413, 385, 11, 'NLS_MAMADYSH', 1, 14081, 0, 0),
(1414, 385, 11, 'NLS_MENDELEEVSK', 1, 14091, 0, 0),
(1415, 385, 11, 'NLS_MENZELINSK', 1, 14101, 0, 0),
(1416, 385, 11, 'NLS_NABEREZHNYE_CHELNY', 1, 14111, 0, 0),
(1417, 385, 11, 'NLS_NIZHNEKAMSK', 1, 14121, 0, 0),
(1418, 385, 11, 'NLS_NURLAT', 1, 14131, 0, 0),
(1419, 385, 11, 'NLS_TETJUSHI', 1, 14141, 0, 0),
(1420, 385, 11, 'NLS_CHISTOPOL', 1, 14151, 0, 0),
(1421, 391, 11, 'NLS_ANDREAPOL', 1, 14161, 0, 0),
(1422, 391, 11, 'NLS_BEZHECK', 1, 14171, 0, 0),
(1423, 391, 11, 'NLS_BELYJ', 1, 14181, 0, 0),
(1424, 391, 11, 'NLS_BOLOGOE', 1, 14191, 0, 0),
(1425, 391, 11, 'NLS_VESEGONSK', 1, 14201, 0, 0),
(1426, 391, 11, 'NLS_VYSHNIJ_VOLOCHJOK', 1, 14211, 0, 0),
(1427, 391, 11, 'NLS_ZAPADNAJA_DVINA', 1, 14221, 0, 0),
(1428, 391, 11, 'NLS_ZUBCOV', 1, 14231, 0, 0),
(1429, 391, 11, 'NLS_KALJAZIN', 1, 14241, 0, 0),
(1430, 391, 11, 'NLS_KASHIN', 1, 14251, 0, 0),
(1431, 391, 11, 'NLS_KIMRY', 1, 14261, 0, 0),
(1432, 391, 11, 'NLS_KONAKOVO', 1, 14271, 0, 0),
(1433, 391, 11, 'NLS_KRASNYJ_HOLM', 1, 14281, 0, 0),
(1434, 391, 11, 'NLS_KUVSHINOVO', 1, 14291, 0, 0),
(1435, 391, 11, 'NLS_LIHOSLAVL', 1, 14301, 0, 0),
(1436, 391, 11, 'NLS_NELIDOVO', 1, 14311, 0, 0),
(1437, 391, 11, 'NLS_OSTASHKOV', 1, 14321, 0, 0),
(1438, 391, 11, 'NLS_RZHEV', 1, 14331, 0, 0),
(1439, 391, 11, 'NLS_STARICA', 1, 14341, 0, 0),
(1440, 391, 11, 'NLS_TVER', 1, 14351, 0, 0),
(1441, 391, 11, 'NLS_TORZHOK', 1, 14361, 0, 0),
(1442, 391, 11, 'NLS_TOROPEC', 1, 14371, 0, 0),
(1443, 391, 11, 'NLS_UDOMLJA', 1, 14381, 0, 0),
(1444, 387, 11, 'NLS_ASINO', 1, 14391, 0, 0),
(1445, 387, 11, 'NLS_KEDROVYJ', 1, 14401, 0, 0),
(1446, 387, 11, 'NLS_KOLPASHEVO', 1, 14411, 0, 0),
(1447, 387, 11, 'NLS_SEVERSK', 1, 14421, 0, 0),
(1448, 387, 11, 'NLS_STREZHEVOJ', 1, 14431, 0, 0),
(1449, 387, 11, 'NLS_TOMSK', 1, 14441, 0, 0),
(1450, 389, 11, 'NLS_AK_DOVURAK', 1, 14451, 0, 0),
(1451, 389, 11, 'NLS_KYZYL', 1, 14461, 0, 0),
(1452, 389, 11, 'NLS_TURAN', 1, 14471, 0, 0),
(1453, 389, 11, 'NLS_CHADAN', 1, 14481, 0, 0),
(1455, 388, 11, 'NLS_ALEKSIN', 1, 14501, 0, 0),
(1456, 388, 11, 'NLS_BELJOV', 1, 14511, 0, 0),
(1457, 388, 11, 'NLS_BOGORODICK', 1, 14521, 0, 0),
(1458, 388, 11, 'NLS_BOLOHOVO', 1, 14531, 0, 0),
(1459, 388, 11, 'NLS_VENJOV', 1, 14541, 0, 0),
(1460, 388, 11, 'NLS_DONSKOJ', 1, 14551, 0, 0),
(1461, 388, 11, 'NLS_EFREMOV', 1, 14561, 0, 0),
(1462, 388, 11, 'NLS_KIMOVSK', 1, 14571, 0, 0),
(1463, 388, 11, 'NLS_KIREEVSK', 1, 14581, 0, 0),
(1464, 388, 11, 'NLS_LIPKI', 1, 14591, 0, 0),
(1465, 388, 11, 'NLS_NOVOMOSKOVSK', 1, 14601, 0, 0),
(1466, 388, 11, 'NLS_PLAVSK', 1, 14611, 0, 0),
(1467, 388, 11, 'NLS_SUVOROV', 1, 14621, 0, 0),
(1468, 388, 11, 'NLS_TULA', 1, 14631, 0, 0),
(1469, 388, 11, 'NLS_UZLOVAJA', 1, 14641, 0, 0),
(1470, 388, 11, 'NLS_CHEKALIN', 1, 14651, 0, 0),
(1471, 388, 11, 'NLS_WJOKINO', 1, 14661, 0, 0),
(1472, 388, 11, 'NLS_JASNOGORSK', 1, 14671, 0, 0),
(1473, 388, 11, 'NLS_SOVETSK', 1, 14681, 0, 0),
(1474, 392, 11, 'NLS_ZAVODOUKOVSK', 1, 14691, 0, 0),
(1475, 392, 11, 'NLS_ISHIM', 1, 14701, 0, 0),
(1476, 392, 11, 'NLS_TOBOLSK', 1, 14711, 0, 0),
(1477, 392, 11, 'NLS_TJUMEN', 1, 14721, 0, 0),
(1478, 392, 11, 'NLS_JALUTOROVSK', 1, 14731, 0, 0),
(1479, 393, 11, 'NLS_VOTKINSK', 1, 14741, 0, 0),
(1480, 393, 11, 'NLS_GLAZOV', 1, 14751, 0, 0),
(1481, 393, 11, 'NLS_IZHEVSK', 1, 14761, 0, 0),
(1482, 393, 11, 'NLS_KAMBARKA', 1, 14771, 0, 0),
(1483, 393, 11, 'NLS_MOZHGA', 1, 14781, 0, 0),
(1484, 393, 11, 'NLS_SARAPUL', 1, 14791, 0, 0),
(1485, 394, 11, 'NLS_BARYSH', 1, 14801, 0, 0),
(1486, 394, 11, 'NLS_DIMITROVGRAD', 1, 14811, 0, 0),
(1487, 394, 11, 'NLS_INZA', 1, 14821, 0, 0),
(1488, 394, 11, 'NLS_NOVOULJANOVSK', 1, 14831, 0, 0),
(1489, 394, 11, 'NLS_SENGILEJ', 1, 14841, 0, 0),
(1490, 394, 11, 'NLS_ULJANOVSK', 1, 14851, 0, 0),
(1491, 337, 11, 'NLS_AMURSK', 1, 14861, 0, 0),
(1492, 337, 11, 'NLS_BIKIN', 1, 14871, 0, 0),
(1493, 337, 11, 'NLS_VJAZEMSKIJ', 1, 14881, 0, 0),
(1494, 337, 11, 'NLS_KOMSOMOLSK_NA_AMURE', 1, 14891, 0, 0),
(1495, 337, 11, 'NLS_NIKOLAEVSK_NA_AMURE', 1, 14901, 0, 0),
(1496, 337, 11, 'NLS_SOVETSKAJA_GAVAN', 1, 14911, 0, 0),
(1497, 337, 11, 'NLS_HABAROVSK', 1, 14921, 0, 0),
(1498, 338, 11, 'NLS_ABAZA', 1, 14931, 0, 0),
(1499, 338, 11, 'NLS_ABAKAN', 1, 14941, 0, 0),
(1500, 338, 11, 'NLS_SAJANOGORSK', 1, 14951, 0, 0),
(1501, 338, 11, 'NLS_SORSK', 1, 14961, 0, 0),
(1502, 338, 11, 'NLS_CHERNOGORSK', 1, 14971, 0, 0),
(1503, 339, 11, 'NLS_BELOJARSKIJ', 1, 14981, 0, 0),
(1504, 339, 11, 'NLS_KOGALYM', 1, 14991, 0, 0),
(1505, 339, 11, 'NLS_LANGEPAS', 1, 15001, 0, 0),
(1506, 339, 11, 'NLS_LJANTOR', 1, 15011, 0, 0),
(1507, 339, 11, 'NLS_MEGION', 1, 15021, 0, 0),
(1508, 339, 11, 'NLS_NEFTEJUGANSK', 1, 15031, 0, 0),
(1509, 339, 11, 'NLS_NIZHNEVARTOVSK', 1, 15041, 0, 0),
(1510, 339, 11, 'NLS_NJAGAN', 1, 15051, 0, 0),
(1511, 339, 11, 'NLS_POKACHI', 1, 15061, 0, 0),
(1512, 339, 11, 'NLS_PYT_JAH', 1, 15071, 0, 0),
(1513, 339, 11, 'NLS_RADUZHNYJ', 1, 15081, 0, 0),
(1514, 339, 11, 'NLS_SOVETSKIJ', 1, 15091, 0, 0),
(1515, 339, 11, 'NLS_SURGUT', 1, 15101, 0, 0),
(1516, 339, 11, 'NLS_URAJ', 1, 15111, 0, 0),
(1517, 339, 11, 'NLS_HANTY_MANSIJSK', 1, 15121, 0, 0),
(1518, 339, 11, 'NLS_JUGORSK', 1, 15131, 0, 0),
(1519, 320, 11, 'NLS_ASHA', 1, 15141, 0, 0),
(1520, 320, 11, 'NLS_BAKAL', 1, 15151, 0, 0),
(1521, 320, 11, 'NLS_VERHNEURALSK', 1, 15161, 0, 0),
(1522, 320, 11, 'NLS_VERHNIJ_UFALEJ', 1, 15171, 0, 0),
(1523, 320, 11, 'NLS_EMANZHELINSK', 1, 15181, 0, 0),
(1524, 320, 11, 'NLS_ZLATOUST', 1, 15191, 0, 0),
(1525, 320, 11, 'NLS_KARABASH', 1, 15201, 0, 0),
(1526, 320, 11, 'NLS_KARTALY', 1, 15211, 0, 0),
(1527, 320, 11, 'NLS_KASLI', 1, 15221, 0, 0),
(1528, 320, 11, 'NLS_KATAV_IVANOVSK', 1, 15231, 0, 0),
(1529, 320, 11, 'NLS_KOPEJSK', 1, 15241, 0, 0),
(1530, 320, 11, 'NLS_KORKINO', 1, 15251, 0, 0),
(1531, 320, 11, 'NLS_KUSA', 1, 15261, 0, 0),
(1532, 320, 11, 'NLS_KYSHTYM', 1, 15271, 0, 0),
(1533, 320, 11, 'NLS_MAGNITOGORSK', 1, 15281, 0, 0),
(1534, 320, 11, 'NLS_MIASS', 1, 15291, 0, 0),
(1535, 320, 11, 'NLS_MINJAR', 1, 15301, 0, 0),
(1536, 320, 11, 'NLS_NJAZEPETROVSK', 1, 15311, 0, 0),
(1537, 320, 11, 'NLS_OZJORSK', 1, 15321, 0, 0),
(1538, 320, 11, 'NLS_PLAST', 1, 15331, 0, 0),
(1539, 320, 11, 'NLS_SATKA', 1, 15341, 0, 0),
(1540, 320, 11, 'NLS_SIM', 1, 15351, 0, 0),
(1541, 320, 11, 'NLS_SNEZHINSK', 1, 15361, 0, 0),
(1542, 320, 11, 'NLS_TRJOHGORNYJ', 1, 15371, 0, 0),
(1543, 320, 11, 'NLS_TROICK', 1, 15381, 0, 0),
(1544, 320, 11, 'NLS_UST_KATAV', 1, 15391, 0, 0),
(1545, 320, 11, 'NLS_CHEBARKUL', 1, 15401, 0, 0),
(1546, 320, 11, 'NLS_CHELJABINSK', 1, 15411, 0, 0),
(1547, 320, 11, 'NLS_JUZHNOURALSK', 1, 15421, 0, 0),
(1548, 320, 11, 'NLS_JURJUZAN', 1, 15431, 0, 0),
(1549, 318, 11, 'NLS_ARGUN', 1, 15441, 0, 0),
(1550, 318, 11, 'NLS_GROZNYJ', 1, 15451, 0, 0),
(1551, 318, 11, 'NLS_GUDERMES', 1, 15461, 0, 0),
(1552, 318, 11, 'NLS_URUS_MARTAN', 1, 15471, 0, 0),
(1553, 318, 11, 'NLS_SHALI', 1, 15481, 0, 0),
(1554, 322, 11, 'NLS_ALATYR', 1, 15491, 0, 0),
(1555, 322, 11, 'NLS_KANASH', 1, 15501, 0, 0),
(1556, 322, 11, 'NLS_KOZLOVKA', 1, 15511, 0, 0),
(1557, 322, 11, 'NLS_MARIINSKIJ_POSAD', 1, 15521, 0, 0),
(1558, 322, 11, 'NLS_NOVOCHEBOKSARSK', 1, 15531, 0, 0),
(1559, 322, 11, 'NLS_CIVILSK', 1, 15541, 0, 0),
(1560, 322, 11, 'NLS_CHEBOKSARY', 1, 15551, 0, 0),
(1561, 322, 11, 'NLS_SHUMERLJA', 1, 15561, 0, 0),
(1562, 322, 11, 'NLS_JADRIN', 1, 15571, 0, 0),
(1563, 321, 11, 'NLS_ANADYR', 1, 15581, 0, 0),
(1564, 321, 11, 'NLS_BILIBINO', 1, 15591, 0, 0),
(1565, 321, 11, 'NLS_PEVEK', 1, 15601, 0, 0),
(1566, 377, 11, 'NLS_ALDAN', 1, 15611, 0, 0),
(1567, 377, 11, 'NLS_VERHOJANSK', 1, 15621, 0, 0),
(1568, 377, 11, 'NLS_VILJUJSK', 1, 15631, 0, 0),
(1569, 377, 11, 'NLS_LENSK', 1, 15641, 0, 0),
(1570, 377, 11, 'NLS_MIRNYJ', 1, 15651, 0, 0),
(1571, 377, 11, 'NLS_NERJUNGRI', 1, 15661, 0, 0),
(1572, 377, 11, 'NLS_NJURBA', 1, 15671, 0, 0),
(1573, 377, 11, 'NLS_OLJOKMINSK', 1, 15681, 0, 0),
(1574, 377, 11, 'NLS_POKROVSK', 1, 15691, 0, 0),
(1575, 377, 11, 'NLS_SREDNEKOLYMSK', 1, 15701, 0, 0),
(1576, 377, 11, 'NLS_TOMMOT', 1, 15711, 0, 0),
(1577, 377, 11, 'NLS_UDACHNYJ', 1, 15721, 0, 0),
(1578, 377, 11, 'NLS_JAKUTSK', 1, 15731, 0, 0),
(1579, 399, 11, 'NLS_GUBKINSKIJ', 1, 15741, 0, 0),
(1580, 399, 11, 'NLS_LABYTNANGI', 1, 15751, 0, 0),
(1581, 399, 11, 'NLS_MURAVLENKO', 1, 15761, 0, 0),
(1582, 399, 11, 'NLS_NADYM', 1, 15771, 0, 0),
(1583, 399, 11, 'NLS_NOVYJ_URENGOJ', 1, 15781, 0, 0),
(1584, 399, 11, 'NLS_NOJABRSK', 1, 15791, 0, 0),
(1585, 399, 11, 'NLS_SALEHARD', 1, 15801, 0, 0),
(1586, 399, 11, 'NLS_TARKO_SALE', 1, 15811, 0, 0),
(1587, 400, 11, 'NLS_GAVRILOV_JAM', 1, 15821, 0, 0),
(1588, 400, 11, 'NLS_DANILOV', 1, 15831, 0, 0),
(1589, 400, 11, 'NLS_LJUBIM', 1, 15841, 0, 0),
(1590, 400, 11, 'NLS_MYSHKIN', 1, 15851, 0, 0),
(1591, 400, 11, 'NLS_PERESLAVL_ZALESSKIJ', 1, 15861, 0, 0),
(1592, 400, 11, 'NLS_POSHEHONE', 1, 15871, 0, 0),
(1593, 400, 11, 'NLS_ROSTOV', 1, 15881, 0, 0),
(1594, 400, 11, 'NLS_RYBINSK', 1, 15891, 0, 0),
(1595, 400, 11, 'NLS_TUTAEV', 1, 15901, 0, 0),
(1596, 400, 11, 'NLS_UGLICH', 1, 15911, 0, 0),
(1597, 400, 11, 'NLS_JAROSLAVL', 1, 15921, 0, 0),
(1598, 300, 10, 'NLS_VITEBSKAJA', 1, 15931, 0, 0),
(1602, 300, 10, 'NLS_POLESSKAJA', 1, 15971, 0, 0),
(1603, 1598, 11, 'NLS_VITEBSK', 1, 15981, 0, 0),
(1604, 1598, 11, 'NLS_ORSHA', 1, 15991, 0, 0),
(1605, 1598, 11, 'NLS_POLOCK', 1, 16001, 0, 0),
(1606, 1598, 11, 'NLS_GORODOK', 1, 16011, 0, 0),
(1607, 1598, 11, 'NLS_DRISSA', 1, 16021, 0, 0),
(1608, 1598, 11, 'NLS_DUBROVNO', 1, 16031, 0, 0),
(1609, 1598, 11, 'NLS_LEPEL', 1, 16041, 0, 0),
(1610, 1598, 11, 'NLS_SENNO', 1, 16051, 0, 0),
(1611, 1599, 11, 'NLS_GOMEL', 1, 16061, 0, 0),
(1612, 1599, 11, 'NLS_RECHICA', 1, 16071, 0, 0),
(1614, 1599, 11, 'NLS_DOBRUSH', 1, 16091, 0, 0),
(1615, 1599, 11, 'NLS_ZHLOBIN', 1, 16101, 0, 0),
(1616, 1599, 11, 'NLS_ROGACHJOV', 1, 16111, 0, 0),
(1617, 1600, 11, 'NLS_BORISOV', 1, 16121, 0, 0),
(1619, 1600, 11, 'NLS_SLUCK', 1, 16141, 0, 0),
(1620, 1600, 11, 'NLS_DZERZHINSK', 1, 16151, 0, 0),
(1622, 1600, 11, 'NLS_CHERVEN', 1, 16171, 0, 0),
(1623, 1601, 11, 'NLS_BOBRUJSK', 1, 16181, 0, 0),
(1624, 1601, 11, 'NLS_MOGILJOV', 1, 16191, 0, 0),
(1625, 1601, 11, 'NLS_BYHOV', 1, 16201, 0, 0),
(1627, 1601, 11, 'NLS_KLIMOVICHI', 1, 16221, 0, 0),
(1628, 1601, 11, 'NLS_KOSTJUKOVICHI', 1, 16231, 0, 0),
(1629, 1601, 11, 'NLS_KRICHEV', 1, 16241, 0, 0),
(1630, 1601, 11, 'NLS_MSTISLAVL', 1, 16251, 0, 0),
(1631, 1601, 11, 'NLS_OSIPOVICHI', 1, 16261, 0, 0),
(1632, 1601, 11, 'NLS_CHAUSY', 1, 16271, 0, 0),
(1633, 1601, 11, 'NLS_CHERIKOV', 1, 16281, 0, 0),
(1634, 1601, 11, 'NLS_SHKLOV', 1, 16291, 0, 0),
(1635, 1602, 11, 'NLS_MOZYR', 1, 16301, 0, 0),
(1636, 1602, 11, 'NLS_KALINKOVICHI', 1, 16311, 0, 0),
(1637, 1602, 11, 'NLS_PETRIKOV', 1, 16321, 0, 0),
(1621, 1600, 11, 'NLS_STARYEDOROGI', 1, 16161, 0, 0),
(555, 312, 11, 'NLS_ZEJA ', 1, 5501, 0, 0),
(1641, 301, 10, 'NLS_BLAGOEVGRADSKAJA', 1, 16361, 0, 0),
(1642, 301, 10, 'NLS_BURGASSKAJA', 1, 16371, 0, 0),
(1643, 301, 10, 'NLS_DOBRICHSKAJA', 1, 16381, 0, 0),
(1644, 301, 10, 'NLS_GABROVSKAJA', 1, 16391, 0, 0),
(1645, 301, 10, 'NLS_HASKOVSKAJA', 1, 16401, 0, 0),
(1646, 301, 10, 'NLS_KYRDZHALIJSKAJA', 1, 16411, 0, 0),
(1647, 301, 10, 'NLS_KJUSTENDILSKAJA', 1, 16421, 0, 0),
(1648, 301, 10, 'NLS_LOVECHSKAJA', 1, 16431, 0, 0),
(1649, 301, 10, 'NLS_MONTANSKAJA', 1, 16441, 0, 0),
(1650, 301, 10, 'NLS_PAZARDZHIKSKAJA', 1, 16451, 0, 0),
(1654, 301, 10, 'NLS_RAZGRADSKAJA', 1, 16491, 0, 0),
(1655, 301, 10, 'NLS_RUSENSKAJA', 1, 16501, 0, 0),
(1656, 301, 10, 'NLS_SHUMENSKAJA', 1, 16511, 0, 0),
(1657, 301, 10, 'NLS_SILISTRENSKAJA', 1, 16521, 0, 0),
(1658, 301, 10, 'NLS_SLIVENSKAJA', 1, 16531, 0, 0),
(1659, 301, 10, 'NLS_SMOLJANSKAJA', 1, 16541, 0, 0),
(1661, 301, 10, 'NLS_SOFIJSKAJA', 1, 16561, 0, 0),
(1662, 301, 10, 'NLS_STAROZAGORSKAJA', 1, 16571, 0, 0),
(1663, 301, 10, 'NLS_TYRGOVISHTSKAJA', 1, 16581, 0, 0),
(1664, 301, 10, 'NLS_VARNENSKAJA', 1, 16591, 0, 0),
(1665, 301, 10, 'NLS_VELIKOTYRNOVSKAJA', 1, 16601, 0, 0),
(1666, 301, 10, 'NLS_VIDINSKAJA', 1, 16611, 0, 0),
(1667, 301, 10, 'NLS_VRACHANSKAJA', 1, 16621, 0, 0),
(1668, 301, 10, 'NLS_JAMBOLSKAJA', 1, 16631, 0, 0),
(1669, 1641, 11, 'NLS_BANSKO', 1, 16641, 0, 0),
(1670, 1641, 11, 'NLS_BELICA', 1, 16651, 0, 0),
(1671, 1641, 11, 'NLS_BLAGOEVGRAD', 1, 16661, 0, 0),
(1672, 1641, 11, 'NLS_GOCE-DELCHEV', 1, 16671, 0, 0),
(1673, 1641, 11, 'NLS_DOBRINISHTE', 1, 16681, 0, 0),
(1674, 1641, 11, 'NLS_KRESNA', 1, 16691, 0, 0),
(1675, 1641, 11, 'NLS_MELNIK', 1, 16701, 0, 0),
(1676, 1641, 11, 'NLS_PETRICH', 1, 16711, 0, 0),
(1677, 1641, 11, 'NLS_RAZLOG', 1, 16721, 0, 0),
(1678, 1641, 11, 'NLS_SANDANSKI', 1, 16731, 0, 0),
(1679, 1641, 11, 'NLS_SIMITLI', 1, 16741, 0, 0),
(1653, 301, 10, 'NLS_PLOVDIVSKAJA', 1, 16481, 0, 0),
(1651, 301, 10, 'NLS_PERNIKSKAJA', 1, 16461, 0, 0),
(1680, 1641, 11, 'NLS_HADZHIDIMOVO', 1, 16751, 0, 0),
(1681, 1641, 11, 'NLS_JAKORUDA', 1, 16761, 0, 0),
(1682, 1642, 11, 'NLS_AJTOS', 1, 16771, 0, 0),
(1683, 1642, 11, 'NLS_AHELOJ', 1, 16781, 0, 0),
(1684, 1642, 11, 'NLS_AHTOPOL', 1, 16791, 0, 0),
(1685, 1642, 11, 'NLS_BOLGAROVO', 1, 16801, 0, 0),
(1686, 1642, 11, 'NLS_KABLESHKOVO', 1, 16811, 0, 0),
(1687, 1642, 11, 'NLS_KAMENO', 1, 16821, 0, 0),
(1688, 1642, 11, 'NLS_KARNOBAT', 1, 16831, 0, 0),
(1599, 300, 10, 'NLS_GOMELSKAJA', 1, 15941, 0, 0),
(1600, 300, 10, 'NLS_MINSKAJA', 1, 15951, 0, 0),
(1618, 1600, 11, 'NLS_MINSK', 1, 16131, 0, 0),
(1689, 1642, 11, 'NLS_KITEN', 1, 16841, 0, 0),
(1690, 1642, 11, 'NLS_MALKO-TYRNOVO', 1, 16851, 0, 0),
(1691, 1642, 11, 'NLS_OBZOR', 1, 16861, 0, 0),
(1692, 1642, 11, 'NLS_POMORIE', 1, 16871, 0, 0),
(1693, 1642, 11, 'NLS_PRIMORSKO', 1, 16881, 0, 0),
(1694, 1642, 11, 'NLS_SVETI-VLAS', 1, 16891, 0, 0),
(1695, 1642, 11, 'NLS_SOZOPOL', 1, 16901, 0, 0),
(1696, 1642, 11, 'NLS_SREDEC', 1, 16911, 0, 0),
(1697, 1642, 11, 'NLS_SUNGURLARE', 1, 16921, 0, 0),
(1698, 1642, 11, 'NLS_CAREVO', 1, 16931, 0, 0),
(1699, 1642, 11, 'NLS_CHERNOMOREC', 1, 16941, 0, 0),
(1700, 1643, 11, 'NLS_BALCHIK', 1, 16951, 0, 0),
(1701, 1643, 11, 'NLS_GENERAL-TOSHEVO', 1, 16961, 0, 0),
(1702, 1643, 11, 'NLS_DOBRICH', 1, 16971, 0, 0),
(1703, 1643, 11, 'NLS_KAVARNA', 1, 16981, 0, 0),
(1704, 1643, 11, 'NLS_TERVEL', 1, 16991, 0, 0),
(1705, 1643, 11, 'NLS_SHABLA', 1, 17001, 0, 0),
(1706, 1644, 11, 'NLS_GABROVO', 1, 17011, 0, 0),
(1707, 1644, 11, 'NLS_DRJANOVO', 1, 17021, 0, 0),
(1708, 1644, 11, 'NLS_PLACHKOVCI', 1, 17031, 0, 0),
(1709, 1644, 11, 'NLS_SEVLIEVO', 1, 17041, 0, 0),
(1710, 1644, 11, 'NLS_TRJAVNA', 1, 17051, 0, 0),
(1711, 1645, 11, 'NLS_DIMITROVGRAD', 1, 17061, 0, 0),
(1712, 1645, 11, 'NLS_IVAJLOVGRAD', 1, 17071, 0, 0),
(1713, 1645, 11, 'NLS_LJUBIMEC', 1, 17081, 0, 0),
(1714, 1645, 11, 'NLS_MADZHAROVO', 1, 17091, 0, 0),
(1715, 1645, 11, 'NLS_MERICHLERI', 1, 17101, 0, 0),
(1716, 1645, 11, 'NLS_SVILENGRAD', 1, 17111, 0, 0),
(1717, 1645, 11, 'NLS_SIMEONOVGRAD', 1, 17121, 0, 0),
(1718, 1645, 11, 'NLS_TOPOLOVGRAD', 1, 17131, 0, 0),
(1719, 1645, 11, 'NLS_HARMANLI', 1, 17141, 0, 0),
(1720, 1645, 11, 'NLS_HASKOVO', 1, 17151, 0, 0),
(1721, 1646, 11, 'NLS_ARDINO', 1, 17161, 0, 0),
(1722, 1646, 11, 'NLS_DZHEBEL', 1, 17171, 0, 0),
(1723, 1646, 11, 'NLS_KRUMOVGRAD', 1, 17181, 0, 0),
(1724, 1646, 11, 'NLS_MOMCHILGRAD', 1, 17191, 0, 0),
(1725, 1647, 11, 'NLS_BOBOV-DOL', 1, 17201, 0, 0),
(1726, 1647, 11, 'NLS_BOBOSHEVO', 1, 17211, 0, 0),
(1727, 1647, 11, 'NLS_DUPNICA', 1, 17221, 0, 0),
(1728, 1647, 11, 'NLS_KOCHERINOVO', 1, 17231, 0, 0),
(1729, 1647, 11, 'NLS_KJUSTENDIL', 1, 17241, 0, 0),
(1730, 1647, 11, 'NLS_RILA', 1, 17251, 0, 0),
(1731, 1647, 11, 'NLS_SAPAREVA-BANJA', 1, 17261, 0, 0),
(1732, 1648, 11, 'NLS_LOVECH', 1, 17271, 0, 0),
(1733, 1648, 11, 'NLS_APRILCI', 1, 17281, 0, 0),
(1734, 1648, 11, 'NLS_LETNICA', 1, 17291, 0, 0),
(1735, 1648, 11, 'NLS_LUKOVIT', 1, 17301, 0, 0),
(1736, 1648, 11, 'NLS_TETEVEN', 1, 17311, 0, 0),
(1737, 1648, 11, 'NLS_TROJAN', 1, 17321, 0, 0),
(1738, 1648, 11, 'NLS_UGYRCHIN', 1, 17331, 0, 0),
(1739, 1648, 11, 'NLS_JABLANICA', 1, 17341, 0, 0),
(1740, 1649, 11, 'NLS_MONTANA', 1, 17351, 0, 0),
(1741, 1649, 11, 'NLS_BERKOVICA', 1, 17361, 0, 0),
(1742, 1649, 11, 'NLS_BOJCHINOVCI', 1, 17371, 0, 0),
(1743, 1649, 11, 'NLS_BRUSARCI', 1, 17381, 0, 0),
(1744, 1649, 11, 'NLS_VYLCHEDRYM', 1, 17391, 0, 0),
(1745, 1649, 11, 'NLS_VYRSHEC', 1, 17401, 0, 0),
(1746, 1649, 11, 'NLS_LOM', 1, 17411, 0, 0),
(1747, 1649, 11, 'NLS_CHIPROVCI', 1, 17421, 0, 0),
(1748, 1650, 11, 'NLS_PAZARDZHIK', 1, 17431, 0, 0),
(1749, 1650, 11, 'NLS_BATAK', 1, 17441, 0, 0),
(1750, 1650, 11, 'NLS_BELOVO', 1, 17451, 0, 0),
(1751, 1650, 11, 'NLS_BRACIGOVO', 1, 17461, 0, 0),
(1752, 1650, 11, 'NLS_VELINGRAD', 1, 17471, 0, 0),
(1753, 1650, 11, 'NLS_VETREN', 1, 17481, 0, 0),
(1754, 1650, 11, 'NLS_KOSTANDOVO', 1, 17491, 0, 0),
(1755, 1650, 11, 'NLS_PANAGJURISHTE', 1, 17501, 0, 0),
(1756, 1650, 11, 'NLS_PESHTERA', 1, 17511, 0, 0),
(1757, 1650, 11, 'NLS_RAKITOVO', 1, 17521, 0, 0),
(1758, 1650, 11, 'NLS_SEPTEMVRI', 1, 17531, 0, 0),
(1759, 1650, 11, 'NLS_STRELCHA', 1, 17541, 0, 0),
(1760, 1650, 11, 'NLS_SYRNICA', 1, 17551, 0, 0),
(1761, 1651, 11, 'NLS_BATANOVCI', 1, 17561, 0, 0),
(1762, 1651, 11, 'NLS_BREZNIK', 1, 17571, 0, 0),
(1763, 1651, 11, 'NLS_ZEMEN', 1, 17581, 0, 0),
(1764, 1651, 11, 'NLS_RADOMIR', 1, 17591, 0, 0),
(1765, 1651, 11, 'NLS_TRYN', 1, 17601, 0, 0),
(1766, 1652, 11, 'NLS_BELENE', 1, 17611, 0, 0),
(1767, 1652, 11, 'NLS_DOLNA-MITROPOLIJA', 1, 17621, 0, 0),
(1768, 1652, 11, 'NLS_DOLNI-DYBNIK', 1, 17631, 0, 0),
(1769, 1652, 11, 'NLS_GULJANCI', 1, 17641, 0, 0),
(1770, 1652, 11, 'NLS_ISKYR', 1, 17651, 0, 0),
(1771, 1652, 11, 'NLS_KNEZHA', 1, 17661, 0, 0),
(1772, 1652, 11, 'NLS_LEVSKI', 1, 17671, 0, 0),
(1773, 1652, 11, 'NLS_NIKOPOL', 1, 17681, 0, 0),
(1774, 1652, 11, 'NLS_PLEVEN', 1, 17691, 0, 0),
(1775, 1652, 11, 'NLS_PORDIM', 1, 17701, 0, 0),
(1776, 1652, 11, 'NLS_CHERVEN-BRJAG', 1, 17711, 0, 0),
(1777, 1653, 11, 'NLS_ASENOVGRAD', 1, 17721, 0, 0),
(1778, 1653, 11, 'NLS_BANJA', 1, 17731, 0, 0),
(1779, 1653, 11, 'NLS_BREZOVO', 1, 17741, 0, 0),
(1780, 1653, 11, 'NLS_KALOFER', 1, 17751, 0, 0),
(1781, 1653, 11, 'NLS_KARLOVO', 1, 17761, 0, 0),
(1782, 1653, 11, 'NLS_KLISURA', 1, 17771, 0, 0),
(1783, 1653, 11, 'NLS_KRICHIM', 1, 17781, 0, 0),
(1784, 1653, 11, 'NLS_KUKLEN', 1, 17791, 0, 0),
(1785, 1653, 11, 'NLS_LYKI', 1, 17801, 0, 0),
(1786, 1653, 11, 'NLS_PERVOMAJ', 1, 17811, 0, 0),
(1787, 1653, 11, 'NLS_PERUSHTICA', 1, 17821, 0, 0),
(1788, 1653, 11, 'NLS_RAKOVSKI', 1, 17831, 0, 0),
(1789, 1653, 11, 'NLS_SOPOT', 1, 17841, 0, 0),
(1790, 1653, 11, 'NLS_SADOVO', 1, 17851, 0, 0),
(1791, 1653, 11, 'NLS_STAMBOLIJSKI', 1, 17861, 0, 0),
(1792, 1653, 11, 'NLS_SYEDINENIE', 1, 17871, 0, 0),
(1793, 1653, 11, 'NLS_HISARJA', 1, 17881, 0, 0),
(1794, 1654, 11, 'NLS_ZAVET', 1, 17891, 0, 0),
(1795, 1654, 11, 'NLS_ISPERIH', 1, 17901, 0, 0),
(1796, 1654, 11, 'NLS_KUBRAT', 1, 17911, 0, 0),
(1797, 1654, 11, 'NLS_LOZNICA', 1, 17921, 0, 0),
(1798, 1654, 11, 'NLS_CAR-KALOJAN', 1, 17931, 0, 0),
(1799, 1655, 11, 'NLS_BOROVO', 1, 17941, 0, 0),
(1800, 1655, 11, 'NLS_BJALA', 1, 17951, 0, 0),
(1801, 1655, 11, 'NLS_VETOVO', 1, 17961, 0, 0),
(1802, 1655, 11, 'NLS_GLODZHEVO', 1, 17971, 0, 0),
(1803, 1655, 11, 'NLS_SENOVO', 1, 17981, 0, 0),
(1804, 1655, 11, 'NLS_DVE-MOGILI', 1, 17991, 0, 0),
(1805, 1655, 11, 'NLS_MARTEN', 1, 18001, 0, 0),
(1806, 1655, 11, 'NLS_SLIVO-POLE', 1, 18011, 0, 0),
(1807, 1656, 11, 'NLS_VELIKI-PRESLAV', 1, 18021, 0, 0),
(1808, 1656, 11, 'NLS_VYRBICA', 1, 18031, 0, 0),
(1809, 1656, 11, 'NLS_KAOLINOVO', 1, 18041, 0, 0),
(1810, 1656, 11, 'NLS_KASPICHAN', 1, 18051, 0, 0),
(1811, 1656, 11, 'NLS_NOVI-PAZAR', 1, 18061, 0, 0),
(1812, 1656, 11, 'NLS_PLISKA', 1, 18071, 0, 0),
(1813, 1656, 11, 'NLS_SMJADOVO', 1, 18081, 0, 0),
(1814, 1657, 11, 'NLS_SILISTRA', 1, 18091, 0, 0),
(1815, 1658, 11, 'NLS_SLIVEN', 1, 18101, 0, 0),
(1816, 1659, 11, 'NLS_DEVIN', 1, 18111, 0, 0),
(1817, 1659, 11, 'NLS_DOSPAT', 1, 18121, 0, 0),
(1818, 1659, 11, 'NLS_ZLATOGRAD', 1, 18131, 0, 0),
(1819, 1659, 11, 'NLS_MADAN', 1, 18141, 0, 0),
(1820, 1659, 11, 'NLS_NEDELINO', 1, 18151, 0, 0),
(1821, 1659, 11, 'NLS_RUDOZEM', 1, 18161, 0, 0),
(1822, 1659, 11, 'NLS_CHEPELARE', 1, 18171, 0, 0),
(1660, 301, 10, 'NLS_GORODSKAJA_SOFIJA', 1, 16551, 0, 0),
(1823, 1660, 11, 'NLS_SOFIJA', 1, 18181, 0, 0),
(1824, 1660, 11, 'NLS_BANKJA', 1, 18191, 0, 0),
(1825, 1660, 11, 'NLS_BUHOVO', 1, 18201, 0, 0),
(1826, 1660, 11, 'NLS_NOVI-ISKYR', 1, 18211, 0, 0),
(1827, 1661, 11, 'NLS_BOZHURISHTE', 1, 18221, 0, 0),
(1828, 1661, 11, 'NLS_BOTEVGRAD', 1, 18231, 0, 0),
(1829, 1661, 11, 'NLS_GODECH', 1, 18241, 0, 0),
(1830, 1661, 11, 'NLS_DOLNA-BANJA', 1, 18251, 0, 0),
(1831, 1661, 11, 'NLS_DRAGOMAN', 1, 18261, 0, 0),
(1832, 1661, 11, 'NLS_ELIN-PELIN', 1, 18271, 0, 0),
(1833, 1661, 11, 'NLS_ETROPOLE', 1, 18281, 0, 0),
(1834, 1661, 11, 'NLS_ZLATICA', 1, 18291, 0, 0),
(1835, 1661, 11, 'NLS_IHTIMAN', 1, 18301, 0, 0),
(1836, 1661, 11, 'NLS_KOPRIVSHTICA', 1, 18311, 0, 0),
(1837, 1661, 11, 'NLS_KOSTENEC', 1, 18321, 0, 0),
(1838, 1661, 11, 'NLS_KOSTINBROD', 1, 18331, 0, 0),
(1839, 1661, 11, 'NLS_MOMIN-PROHOD', 1, 18341, 0, 0),
(1840, 1661, 11, 'NLS_PRAVEC', 1, 18351, 0, 0),
(1841, 1661, 11, 'NLS_SAMOKOV', 1, 18361, 0, 0),
(1842, 1661, 11, 'NLS_SVOGE', 1, 18371, 0, 0),
(1843, 1661, 11, 'NLS_SLIVNICA', 1, 18381, 0, 0),
(1844, 1661, 11, 'NLS_PIRDOP', 1, 18391, 0, 0),
(1845, 1662, 11, 'NLS_STARA-ZAGORA', 1, 18401, 0, 0),
(1846, 1662, 11, 'NLS_KAZANLYK', 1, 18411, 0, 0),
(1847, 1663, 11, 'NLS_TYRGOVISHTE', 1, 18421, 0, 0),
(1848, 1663, 11, 'NLS_ANTONOVO', 1, 18431, 0, 0),
(1849, 1663, 11, 'NLS_OMURTAG', 1, 18441, 0, 0),
(1850, 1663, 11, 'NLS_OPAKA', 1, 18451, 0, 0),
(1851, 1663, 11, 'NLS_POPOVO', 1, 18461, 0, 0),
(1852, 1664, 11, 'NLS_AKSAKOVO', 1, 18471, 0, 0),
(1853, 1664, 11, 'NLS_BELOSLAV', 1, 18481, 0, 0),
(1854, 1664, 11, 'NLS_BJALA', 1, 18491, 0, 0),
(1855, 1664, 11, 'NLS_VARNA', 1, 18501, 0, 0),
(1856, 1664, 11, 'NLS_VYLCHI-DOL', 1, 18511, 0, 0),
(1857, 1664, 11, 'NLS_DEVNJA', 1, 18521, 0, 0),
(1858, 1664, 11, 'NLS_DOLNI-CHIFLIK', 1, 18531, 0, 0),
(1859, 1664, 11, 'NLS_DYLGOPOL', 1, 18541, 0, 0),
(1860, 1664, 11, 'NLS_PROVADIJA', 1, 18551, 0, 0),
(1861, 1664, 11, 'NLS_SUVOROVO', 1, 18561, 0, 0),
(1862, 1664, 11, 'NLS_ZOLOTYE_PESKI', 1, 18571, 0, 0),
(1863, 1664, 11, 'NLS_ST_KONSTANTIN_ELENA', 1, 18581, 0, 0),
(1864, 1664, 11, 'NLS_KRANEVO', 1, 18591, 0, 0),
(1865, 1665, 11, 'NLS_BJALA-CHERKVA', 1, 18601, 0, 0),
(1866, 1665, 11, 'NLS_VELIKO-TYRNOVO', 1, 18611, 0, 0),
(1867, 1665, 11, 'NLS_GORNA-ORJAHOVICA', 1, 18621, 0, 0),
(1868, 1665, 11, 'NLS_DEBELEC', 1, 18631, 0, 0),
(1869, 1665, 11, 'NLS_DOLNA-ORJAHOVICA', 1, 18641, 0, 0),
(1870, 1665, 11, 'NLS_ELENA', 1, 18651, 0, 0),
(1871, 1665, 11, 'NLS_ZLATARICA', 1, 18661, 0, 0),
(1872, 1665, 11, 'NLS_KILIFAREVO', 1, 18671, 0, 0),
(1873, 1665, 11, 'NLS_LJASKOVEC', 1, 18681, 0, 0),
(1874, 1665, 11, 'NLS_PAVLIKENI', 1, 18691, 0, 0),
(1875, 1665, 11, 'NLS_POLSKI-TRYMBESH', 1, 18701, 0, 0),
(1876, 1665, 11, 'NLS_SVISHTOV', 1, 18711, 0, 0),
(1877, 1665, 11, 'NLS_STRAZHICA', 1, 18721, 0, 0),
(1878, 1665, 11, 'NLS_SUHINDOL', 1, 18731, 0, 0),
(1879, 1666, 11, 'NLS_BELOGRADCHIK', 1, 18741, 0, 0),
(1880, 1666, 11, 'NLS_BREGOVO', 1, 18751, 0, 0),
(1881, 1666, 11, 'NLS_VIDIN', 1, 18761, 0, 0),
(1882, 1666, 11, 'NLS_GRAMADA', 1, 18771, 0, 0),
(1883, 1666, 11, 'NLS_DIMOVO', 1, 18781, 0, 0),
(1884, 1666, 11, 'NLS_DUNAVCI', 1, 18791, 0, 0),
(1885, 1666, 11, 'NLS_KULA', 1, 18801, 0, 0),
(1886, 1667, 11, 'NLS_BJALA-SLATINA', 1, 18811, 0, 0),
(1887, 1667, 11, 'NLS_VRACA', 1, 18821, 0, 0),
(1888, 1667, 11, 'NLS_KOZLODUJ', 1, 18831, 0, 0),
(1889, 1667, 11, 'NLS_KRIVODOL', 1, 18841, 0, 0),
(1890, 1667, 11, 'NLS_MEZDRA', 1, 18851, 0, 0),
(1891, 1667, 11, 'NLS_MIZIJA', 1, 18861, 0, 0),
(1892, 1667, 11, 'NLS_ORJAHOVO', 1, 18871, 0, 0),
(1893, 1667, 11, 'NLS_ROMAN', 1, 18881, 0, 0),
(1894, 1668, 11, 'NLS_BOLJAROVO', 1, 18891, 0, 0),
(1895, 1668, 11, 'NLS_ELHOVO', 1, 18901, 0, 0),
(1896, 1668, 11, 'NLS_STRALDZHA', 1, 18911, 0, 0),
(1897, 1668, 11, 'NLS_JAMBOL', 1, 18921, 0, 0),
(1898, 1642, 11, 'NLS_BURGAS', 1, 18931, 0, 0),
(1899, 1642, 11, 'NLS_NESEBYR', 1, 18941, 0, 0),
(1900, 1651, 11, 'NLS_PERNIK', 1, 18951, 0, 0),
(1901, 1653, 11, 'NLS_PLOVDIV', 1, 18961, 0, 0),
(1902, 1654, 11, 'NLS_RAZGRAD', 1, 18971, 0, 0),
(1903, 1655, 11, 'NLS_RUSE', 1, 18981, 0, 0),
(1904, 1656, 11, 'NLS_SHUMEN', 1, 18991, 0, 0),
(1905, 1659, 11, 'NLS_SMOLJAN', 1, 19001, 0, 0),
(1906, 1665, 11, 'NLS_VELIKO-TYRNOVO', 1, 19011, 0, 0),
(1907, 1646, 11, 'NLS_KYRDZHALI', 1, 19021, 0, 0),
(1909, 275, 9, 'NLS_CANADA', 1, 1, 0, 0),
(1910, 275, 9, 'NLS_GREENLAND', 1, 1, 0, 0),
(1911, 275, 9, 'NLS_MEXICO', 1, 1, 0, 0),
(1913, 275, 9, 'NLS_UNITED_STATES', 1, 1, 0, 0),
(1914, 276, 9, 'NLS_BELIZE', 1, 1, 0, 0),
(1915, 276, 9, 'NLS_COSTA_RICA', 1, 1, 0, 0),
(1916, 276, 9, 'NLS_EL_SALVADOR', 1, 1, 0, 0),
(1917, 276, 9, 'NLS_GUATEMALA', 1, 1, 0, 0),
(1918, 276, 9, 'NLS_HONDURAS', 1, 1, 0, 0),
(1919, 276, 9, 'NLS_NICARAGUA', 1, 1, 0, 0),
(1921, 278, 9, 'NLS_ARGENTINA', 1, 1, 0, 0),
(1922, 278, 9, 'NLS_BOLIVIA', 1, 1, 0, 0),
(1923, 278, 9, 'NLS_BRAZIL', 1, 1, 0, 0),
(1924, 278, 9, 'NLS_CHILE', 1, 1, 0, 0),
(1925, 278, 9, 'NLS_COLOMBIA', 1, 1, 0, 0),
(1926, 278, 9, 'NLS_ECUADOR', 1, 1, 0, 0),
(1927, 278, 9, 'NLS_FALKLAND_ISLANDS', 1, 1, 0, 0),
(1928, 278, 9, 'NLS_FRENCH_GUIANA', 1, 1, 0, 0),
(1929, 278, 9, 'NLS_GUYANA', 1, 1, 0, 0),
(1930, 278, 9, 'NLS_PARAGUAY', 1, 1, 0, 0),
(1931, 278, 9, 'NLS_PERU', 1, 1, 0, 0),
(1932, 278, 9, 'NLS_SURINAME', 1, 1, 0, 0),
(1934, 278, 9, 'NLS_VENEZUELA', 1, 1, 0, 0),
(1935, 277, 9, 'NLS_ANGUILLA', 1, 1, 0, 0),
(1936, 277, 9, 'NLS_ANTIGUA_AND_BARBUDA', 1, 1, 0, 0),
(1937, 277, 9, 'NLS_ARUBA', 1, 1, 0, 0),
(1938, 277, 9, 'NLS_BAHAMAS', 1, 1, 0, 0),
(1939, 277, 9, 'NLS_BARBADOS', 1, 1, 0, 0),
(1940, 277, 9, 'NLS_BERMUDA', 1, 1, 0, 0),
(1941, 277, 9, 'NLS_BRITISH_VIRGIN_ISLANDS', 1, 1, 0, 0),
(1942, 277, 9, 'NLS_CARIBBEAN_NETHERLANDS', 1, 1, 0, 0),
(1943, 277, 9, 'NLS_CAYMAN_ISLANDS', 1, 1, 0, 0),
(1944, 277, 9, 'NLS_CUBA', 1, 1, 0, 0),
(1945, 277, 9, 'NLS_CURACAO', 1, 1, 0, 0),
(1946, 277, 9, 'NLS_DOMINICA', 1, 1, 0, 0),
(1947, 277, 9, 'NLS_DOMINICAN_REPUBLIC', 1, 1, 0, 0),
(1978, 262, 9, 'NLS_GREENLAND', 1, 1, 0, 0),
(1979, 262, 9, 'NLS_ICELAND', 1, 1, 0, 0),
(1981, 262, 9, 'NLS_LATVIA', 1, 1, 0, 0),
(1982, 262, 9, 'NLS_LITHUANIA', 1, 1, 0, 0),
(1983, 262, 9, 'NLS_NORTHERN_IRELAND', 1, 1, 0, 0),
(1984, 262, 9, 'NLS_NORWAY', 1, 1, 0, 0),
(1985, 262, 9, 'NLS_SCOTLAND', 1, 1, 0, 0),
(1986, 262, 9, 'NLS_SWEDEN', 1, 1, 0, 0),
(1987, 262, 9, 'NLS_UNITED_KINGDOM', 1, 1, 0, 0),
(1988, 262, 9, 'NLS_WALES', 1, 1, 0, 0),
(1989, 263, 9, 'NLS_ALBANIA', 1, 1, 0, 0),
(1990, 263, 9, 'NLS_ANDORRA', 1, 1, 0, 0),
(1991, 263, 9, 'NLS_BOSNIA_AND_HERZEGOVINA', 1, 1, 0, 0),
(1992, 263, 9, 'NLS_CROATIA', 1, 1, 0, 0),
(1994, 263, 9, 'NLS_GIBRALTAR', 1, 1, 0, 0),
(1995, 263, 9, 'NLS_GREECE', 1, 1, 0, 0),
(1996, 263, 9, 'NLS_VATICAN', 1, 1, 0, 0),
(1997, 263, 9, 'NLS_ITALY', 1, 1, 0, 0),
(1999, 263, 9, 'NLS_MALTA', 1, 1, 0, 0),
(2000, 263, 9, 'NLS_MONTENEGRO', 1, 1, 0, 0),
(2001, 263, 9, 'NLS_PORTUGAL', 1, 1, 0, 0),
(2002, 263, 9, 'NLS_SAN_MARINO', 1, 1, 0, 0),
(2003, 263, 9, 'NLS_SERBIA', 1, 1, 0, 0),
(2004, 263, 9, 'NLS_SLOVENIA', 1, 1, 0, 0),
(2005, 263, 9, 'NLS_SPAIN', 1, 1, 0, 0),
(2006, 263, 9, 'NLS_TURKEY', 1, 1, 0, 0),
(2007, 273, 9, 'NLS_BURUNDI', 1, 1, 0, 0),
(2008, 273, 9, 'NLS_COMOROS', 1, 1, 0, 0),
(2009, 273, 9, 'NLS_DJIBOUTI', 1, 1, 0, 0),
(2010, 273, 9, 'NLS_ERITREA', 1, 1, 0, 0),
(2011, 273, 9, 'NLS_ETHIOPIA', 1, 1, 0, 0),
(2012, 273, 9, 'NLS_KENYA', 1, 1, 0, 0),
(2015, 273, 9, 'NLS_MAURITIUS', 1, 1, 0, 0),
(2016, 273, 9, 'NLS_MOZAMBIQUE', 1, 1, 0, 0),
(2017, 273, 9, 'NLS_REUNION', 1, 1, 0, 0),
(2018, 273, 9, 'NLS_RWANDA', 1, 1, 0, 0),
(2019, 273, 9, 'NLS_SEYCHELLES', 1, 1, 0, 0),
(2020, 273, 9, 'NLS_SOMALIA', 1, 1, 0, 0),
(2021, 273, 9, 'NLS_TANZANIA', 1, 1, 0, 0),
(2022, 273, 9, 'NLS_UGANDA', 1, 1, 0, 0),
(2023, 273, 9, 'NLS_ZAMBIA', 1, 1, 0, 0),
(2024, 273, 9, 'NLS_ZIMBABWE', 1, 1, 0, 0),
(2025, 272, 9, 'NLS_ANGOLA', 1, 1, 0, 0),
(2026, 272, 9, 'NLS_CAMEROON', 1, 1, 0, 0),
(1948, 277, 9, 'NLS_GRENADA', 1, 1, 0, 0),
(1949, 277, 9, 'NLS_GUADELOUPE', 1, 1, 0, 0),
(1950, 277, 9, 'NLS_HAITI', 1, 1, 0, 0),
(1951, 277, 9, 'NLS_JAMAICA', 1, 1, 0, 0),
(1952, 277, 9, 'NLS_MARTINIQUE', 1, 1, 0, 0),
(1953, 277, 9, 'NLS_MONTSERRAT', 1, 1, 0, 0),
(1954, 277, 9, 'NLS_NAVASSA_ISLAND', 1, 1, 0, 0),
(1955, 277, 9, 'NLS_PUERTO_RICO', 1, 1, 0, 0),
(1956, 277, 9, 'NLS_SAINT_BARTHELEMY', 1, 1, 0, 0),
(1957, 277, 9, 'NLS_SAINT_KITTS_AND_NEVIS', 1, 1, 0, 0),
(1958, 277, 9, 'NLS_SAINT_LUCIA', 1, 1, 0, 0),
(1959, 277, 9, 'NLS_SAINT_MARTIN', 1, 1, 0, 0),
(1960, 277, 9, 'NLS_SAINT_VINCENT_AND_THE_GRENADINES', 1, 1, 0, 0),
(1961, 277, 9, 'NLS_SINT_MAARTEN', 1, 1, 0, 0),
(1962, 277, 9, 'NLS_TRINIDAD_AND_TOBAGO', 1, 1, 0, 0),
(1963, 277, 9, 'NLS_TURKS_AND_CAICOS', 1, 1, 0, 0),
(1964, 277, 9, 'NLS_US_VIRGIN_ISLANDS', 1, 1, 0, 0),
(1966, 261, 9, 'NLS_BELGIUM', 1, 1, 0, 0),
(1968, 261, 9, 'NLS_GERMANY', 1, 1, 0, 0),
(1969, 261, 9, 'NLS_LIECHTENSTEIN', 1, 1, 0, 0),
(1970, 261, 9, 'NLS_LUXEMBOURG', 1, 1, 0, 0),
(1971, 261, 9, 'NLS_MONACO', 1, 1, 0, 0),
(1973, 261, 9, 'NLS_SWITZERLAND', 1, 1, 0, 0),
(1974, 262, 9, 'NLS_DENMARK', 1, 1, 0, 0),
(1975, 262, 9, 'NLS_ESTONIA', 1, 1, 0, 0),
(1977, 262, 9, 'NLS_FINLAND', 1, 1, 0, 0),
(2028, 272, 9, 'NLS_CHAD', 1, 1, 0, 0),
(2030, 272, 9, 'NLS_CONGO_KINSHASA', 1, 1, 0, 0),
(2031, 272, 9, 'NLS_EQUATORIAL_GUINEA', 1, 1, 0, 0),
(2032, 272, 9, 'NLS_GABON', 1, 1, 0, 0),
(2033, 272, 9, 'NLS_SAO_TOME_AND_PRINCIPE', 1, 1, 0, 0),
(2034, 270, 9, 'NLS_ALGERIA', 1, 1, 0, 0),
(2035, 270, 9, 'NLS_EGYPT', 1, 1, 0, 0),
(2036, 270, 9, 'NLS_LIBYA', 1, 1, 0, 0),
(2037, 270, 9, 'NLS_MOROCCO', 1, 1, 0, 0),
(2139, 302, 10, 'NLS_PRAGUE', 1, 21341, 0, 0),
(2140, 302, 10, 'NLS_CENTRAL_BOHEMIAN', 1, 21351, 0, 0),
(2141, 302, 10, 'NLS_SOUTH_BOHEMIAN', 1, 21361, 0, 0),
(2142, 302, 10, 'NLS_PLZEN', 1, 21371, 0, 0),
(2145, 302, 10, 'NLS_LIBEREC_REGION', 1, 21401, 0, 0),
(2149, 302, 10, 'NLS_MORAVIAN_SILESIAN', 1, 21441, 0, 0),
(1976, 262, 9, 'NLS_FAROE_ISLANDS', 1, 1, 0, 0),
(1967, 261, 9, 'NLS_FRANCE', 1, 1, 0, 0),
(1965, 261, 9, 'NLS_AUSTRIA', 1, 1, 0, 0),
(1993, 263, 9, 'NLS_CYPRUS', 1, 1, 0, 0),
(2150, 302, 10, 'NLS_SOUTH_MORAVIAN', 1, 21451, 0, 0),
(2152, 302, 10, 'NLS_VYSOCINA', 1, 21471, 0, 0),
(2038, 270, 9, 'NLS_SOUTH_SUDAN', 1, 1, 0, 0),
(2153, 2139, 11, 'NLS_PRAGUE_CITY', 1, 21481, 0, 0),
(2154, 2140, 11, 'NLS_BEROUN', 1, 21491, 0, 0),
(2155, 2140, 11, 'NLS_BENESOV', 1, 21501, 0, 0),
(2156, 2140, 11, 'NLS_BRANDYS_NAD_LABEM', 1, 21511, 0, 0),
(2157, 2140, 11, 'NLS_CASLAV', 1, 21521, 0, 0),
(2158, 2140, 11, 'NLS_DOBRICHOVICE', 1, 21531, 0, 0),
(2146, 302, 10, 'NLS_HRADEC_KRALOVE_REGION', 1, 21411, 0, 0),
(2147, 302, 10, 'NLS_PARDUBICE_REGION', 1, 21421, 0, 0),
(2148, 302, 10, 'NLS_OLOMOUC_REGION', 1, 21431, 0, 0),
(2151, 302, 10, 'NLS_ZLIN_REGION', 1, 21461, 0, 0),
(2039, 270, 9, 'NLS_SUDAN', 1, 1, 0, 0),
(2040, 270, 9, 'NLS_TUNISIA', 1, 1, 0, 0),
(2041, 270, 9, 'NLS_WESTERN_SAHARA', 1, 1, 0, 0),
(2042, 274, 9, 'NLS_BOTSWANA', 1, 1, 0, 0),
(2043, 274, 9, 'NLS_LESOTHO', 1, 1, 0, 0),
(2044, 274, 9, 'NLS_NAMIBIA', 1, 1, 0, 0),
(2045, 274, 9, 'NLS_SOUTH_AFRICA', 1, 1, 0, 0),
(2046, 274, 9, 'NLS_SWAZILAND', 1, 1, 0, 0),
(2047, 271, 9, 'NLS_BENIN', 1, 1, 0, 0),
(2048, 271, 9, 'NLS_BURKINA_FASO', 1, 1, 0, 0),
(2049, 271, 9, 'NLS_CAPE_VERDE', 1, 1, 0, 0),
(2050, 271, 9, 'NLS_COTE_D_IVOIRE', 1, 1, 0, 0),
(2051, 271, 9, 'NLS_GAMBIA', 1, 1, 0, 0),
(2052, 271, 9, 'NLS_GHANA', 1, 1, 0, 0),
(2053, 271, 9, 'NLS_GUINEA', 1, 1, 0, 0),
(2054, 271, 9, 'NLS_GUINEA_BISSAU', 1, 1, 0, 0),
(2056, 271, 9, 'NLS_MALI', 1, 1, 0, 0),
(2057, 271, 9, 'NLS_MAURITANIA', 1, 1, 0, 0),
(2058, 271, 9, 'NLS_NIGER', 1, 1, 0, 0),
(2059, 271, 9, 'NLS_NIGERIA', 1, 1, 0, 0),
(2060, 271, 9, 'NLS_SAINT_HELENA', 1, 1, 0, 0),
(2061, 271, 9, 'NLS_SENEGAL', 1, 1, 0, 0),
(2062, 271, 9, 'NLS_SIERRA_LEONE', 1, 1, 0, 0),
(2063, 271, 9, 'NLS_TOGO', 1, 1, 0, 0),
(2064, 268, 9, 'NLS_CHINA', 1, 1, 0, 0),
(2065, 268, 9, 'NLS_HONG_KONG', 1, 1, 0, 0),
(2066, 268, 9, 'NLS_MACAU', 1, 1, 0, 0),
(2067, 268, 9, 'NLS_TIBET', 1, 1, 0, 0),
(2068, 268, 9, 'NLS_JAPAN', 1, 1, 0, 0),
(2069, 268, 9, 'NLS_KOREA_NORTH', 1, 1, 0, 0),
(2070, 268, 9, 'NLS_KOREA_SOUTH', 1, 1, 0, 0),
(2071, 268, 9, 'NLS_MONGOLIA', 1, 1, 0, 0),
(2073, 266, 9, 'NLS_AFGHANISTAN', 1, 1, 0, 0),
(2092, 269, 9, 'NLS_MYANMAR', 1, 1, 0, 0),
(2093, 269, 9, 'NLS_PHILIPPINES', 1, 1, 0, 0),
(2094, 269, 9, 'NLS_SINGAPORE', 1, 1, 0, 0),
(2095, 269, 9, 'NLS_THAILAND', 1, 1, 0, 0),
(2096, 269, 9, 'NLS_TIMOR_LESTE', 1, 1, 0, 0),
(2097, 269, 9, 'NLS_VIETNAM', 1, 1, 0, 0),
(2098, 265, 9, 'NLS_ARMENIA', 1, 1, 0, 0),
(2099, 265, 9, 'NLS_AZERBAIJAN', 1, 1, 0, 0),
(2100, 265, 9, 'NLS_BAHRAIN', 1, 1, 0, 0),
(2101, 265, 9, 'NLS_CYPRUS', 1, 1, 0, 0),
(2102, 265, 9, 'NLS_GEORGIA', 1, 1, 0, 0),
(2103, 265, 9, 'NLS_IRAQ', 1, 1, 0, 0),
(2104, 265, 9, 'NLS_ISRAEL', 1, 1, 0, 0),
(2105, 265, 9, 'NLS_JORDAN', 1, 1, 0, 0),
(2106, 265, 9, 'NLS_KUWAIT', 1, 1, 0, 0),
(2108, 265, 9, 'NLS_OMAN', 1, 1, 0, 0),
(2109, 265, 9, 'NLS_PALESTINIAN', 1, 1, 0, 0),
(2110, 265, 9, 'NLS_QATAR', 1, 1, 0, 0),
(2111, 265, 9, 'NLS_SAUDI_ARABIA', 1, 1, 0, 0),
(2112, 265, 9, 'NLS_SYRIA', 1, 1, 0, 0),
(2113, 265, 9, 'NLS_TURKEY', 1, 1, 0, 0),
(2114, 265, 9, 'NLS_EMIRATES', 1, 1, 0, 0),
(2115, 265, 9, 'NLS_YEMEN', 1, 1, 0, 0),
(2116, 279, 9, 'NLS_AUSTRALIA', 1, 1, 0, 0),
(2117, 279, 9, 'NLS_NEW_ZEALAND', 1, 1, 0, 0),
(2118, 280, 9, 'NLS_FIJI', 1, 1, 0, 0),
(2119, 280, 9, 'NLS_NEW_CALEDONIA', 1, 1, 0, 0),
(2120, 280, 9, 'NLS_PAPUA_NEW_GUINEA', 1, 1, 0, 0),
(2121, 280, 9, 'NLS_SOLOMON_ISLANDS', 1, 1, 0, 0),
(2122, 280, 9, 'NLS_VANUATU', 1, 1, 0, 0),
(2123, 281, 9, 'NLS_GUAM', 1, 1, 0, 0),
(2125, 281, 9, 'NLS_KIRIBATI', 1, 1, 0, 0),
(2126, 281, 9, 'NLS_MARSHALL_ISLANDS', 1, 1, 0, 0),
(2127, 281, 9, 'NLS_MICRONESIA', 1, 1, 0, 0),
(2128, 281, 9, 'NLS_NAURU', 1, 1, 0, 0),
(2129, 281, 9, 'NLS_MARIANA_ISLANDS', 1, 1, 0, 0),
(2130, 281, 9, 'NLS_PALAU', 1, 1, 0, 0),
(2131, 282, 9, 'NLS_AMERICAN_SAMOA', 1, 1, 0, 0),
(2132, 282, 9, 'NLS_COOK_ISLANDS', 1, 1, 0, 0),
(2133, 282, 9, 'NLS_FRENCH_POLYNESIA', 1, 1, 0, 0),
(2134, 282, 9, 'NLS_NIUE', 1, 1, 0, 0),
(2135, 282, 9, 'NLS_PITCAIRN', 1, 1, 0, 0),
(2136, 282, 9, 'NLS_SAMOA', 1, 1, 0, 0),
(2137, 282, 9, 'NLS_TONGA', 1, 1, 0, 0),
(2138, 282, 9, 'NLS_TUVALU', 1, 1, 0, 0),
(2074, 266, 9, 'NLS_BANGLADESH', 1, 1, 0, 0),
(2075, 266, 9, 'NLS_BHUTAN', 1, 1, 0, 0),
(2076, 266, 9, 'NLS_INDIA', 1, 1, 0, 0),
(2077, 266, 9, 'NLS_IRAN', 1, 1, 0, 0),
(2079, 266, 9, 'NLS_KYRGYZSTAN', 1, 1, 0, 0),
(2080, 266, 9, 'NLS_MALDIVES', 1, 1, 0, 0),
(2081, 266, 9, 'NLS_NEPAL', 1, 1, 0, 0),
(2082, 266, 9, 'NLS_PAKISTAN', 1, 1, 0, 0),
(2083, 266, 9, 'NLS_SRI_LANKA', 1, 1, 0, 0),
(2084, 266, 9, 'NLS_TAJIKISTAN', 1, 1, 0, 0),
(2085, 266, 9, 'NLS_TURKMENISTAN', 1, 1, 0, 0),
(2086, 266, 9, 'NLS_UZBEKISTAN', 1, 1, 0, 0),
(2087, 269, 9, 'NLS_BRUNEI_DARUSSALAM', 1, 1, 0, 0),
(2088, 269, 9, 'NLS_CAMBODIA', 1, 1, 0, 0),
(2089, 269, 9, 'NLS_INDONESIA', 1, 1, 0, 0),
(2090, 269, 9, 'NLS_LAO', 1, 1, 0, 0),
(2091, 269, 9, 'NLS_MALAYSIA', 1, 1, 0, 0),
(2159, 2140, 11, 'NLS_DOBRIS', 1, 21541, 0, 0),
(2160, 2140, 11, 'NLS_KLADNO', 1, 21551, 0, 0),
(2161, 2140, 11, 'NLS_KOLIN', 1, 21561, 0, 0),
(2162, 2140, 11, 'NLS_KOSTELEC_NAD_CERNYMI_LESY', 1, 21571, 0, 0),
(2163, 2140, 11, 'NLS_KRALUPY_NAD_VLTAVOU', 1, 21581, 0, 0),
(2164, 2140, 11, 'NLS_KUTNA_HORA', 1, 21591, 0, 0),
(2165, 2140, 11, 'NLS_MELNIK', 1, 21601, 0, 0),
(2166, 2140, 11, 'NLS_MLADA_BOLESLAV', 1, 21611, 0, 0),
(2167, 2140, 11, 'NLS_MNICHOVICE', 1, 21621, 0, 0),
(2168, 2140, 11, 'NLS_NYMBURK', 1, 21631, 0, 0),
(2169, 2140, 11, 'NLS_PODEBRADY', 1, 21641, 0, 0),
(2170, 2140, 11, 'NLS_PRIBRAM', 1, 21651, 0, 0),
(2171, 2140, 11, 'NLS_RAKOVNIK', 1, 21661, 0, 0),
(2172, 2140, 11, 'NLS_RICANY', 1, 21671, 0, 0),
(2173, 2140, 11, 'NLS_SLANY', 1, 21681, 0, 0),
(2174, 2140, 11, 'NLS_VLASIM', 1, 21691, 0, 0),
(2175, 2141, 11, 'NLS_CESKE_BUDEJOVICE', 1, 21701, 0, 0),
(2176, 2141, 11, 'NLS_TABOR', 1, 21711, 0, 0),
(2177, 2141, 11, 'NLS_PISEK', 1, 21721, 0, 0),
(2178, 2141, 11, 'NLS_STRAKONICE', 1, 21731, 0, 0),
(2179, 2141, 11, 'NLS_JINDRICHUV_HRADEC', 1, 21741, 0, 0),
(2180, 2141, 11, 'NLS_CESKY_KRUMLOV', 1, 21751, 0, 0),
(2181, 2141, 11, 'NLS_PRACHATICE', 1, 21761, 0, 0),
(2182, 2141, 11, 'NLS_MILEVSKO', 1, 21771, 0, 0),
(2183, 2141, 11, 'NLS_TREBON', 1, 21781, 0, 0),
(2184, 2141, 11, 'NLS_TYN_NAD_VLTAVOU', 1, 21791, 0, 0),
(2185, 2141, 11, 'NLS_VIMPERK', 1, 21801, 0, 0),
(2186, 2141, 11, 'NLS_DACICE', 1, 21811, 0, 0),
(2187, 2141, 11, 'NLS_KAPLICE', 1, 21821, 0, 0),
(2188, 2141, 11, 'NLS_SOBESLAV', 1, 21831, 0, 0),
(2189, 2141, 11, 'NLS_SEZIMOVO_USTI', 1, 21841, 0, 0),
(2190, 2141, 11, 'NLS_VODNANY', 1, 21851, 0, 0),
(2191, 2141, 11, 'NLS_BLATNA', 1, 21861, 0, 0),
(2192, 2141, 11, 'NLS_VESELI_NAD_LUZNICI', 1, 21871, 0, 0),
(2193, 2141, 11, 'NLS_BECHYNE', 1, 21881, 0, 0),
(2194, 2141, 11, 'NLS_PROTIVIN', 1, 21891, 0, 0),
(2195, 2142, 11, 'NLS_BLOVICE', 1, 21901, 0, 0),
(2196, 2142, 11, 'NLS_DOMAZLICE', 1, 21911, 0, 0),
(2197, 2142, 11, 'NLS_HORAZDOVICE', 1, 21921, 0, 0),
(2199, 2142, 11, 'NLS_KLATOVY', 1, 21941, 0, 0),
(2200, 2142, 11, 'NLS_KRALOVICE', 1, 21951, 0, 0),
(2201, 2142, 11, 'NLS_NEPOMUK', 1, 21961, 0, 0),
(2202, 2142, 11, 'NLS_NYRANY', 1, 21971, 0, 0),
(2203, 2142, 11, 'NLS_PILSEN', 1, 21981, 0, 0),
(2204, 2142, 11, 'NLS_PRESTICE', 1, 21991, 0, 0),
(2205, 2142, 11, 'NLS_ROKYCANY', 1, 22001, 0, 0),
(2206, 2142, 11, 'NLS_STOD', 1, 22011, 0, 0),
(2207, 2142, 11, 'NLS_STRIBRO', 1, 22021, 0, 0),
(2208, 2142, 11, 'NLS_SUSICE', 1, 22031, 0, 0),
(2209, 2142, 11, 'NLS_TACHOV', 1, 22041, 0, 0),
(2210, 2143, 11, 'NLS_KARLOVY_VARY', 1, 22051, 0, 0),
(2211, 2143, 11, 'NLS_AS', 1, 22061, 0, 0),
(2212, 2143, 11, 'NLS_CHEB', 1, 22071, 0, 0),
(2213, 2143, 11, 'NLS_CHODOV', 1, 22081, 0, 0),
(2214, 2143, 11, 'NLS_FRANTISKOVY_LAZNE', 1, 22091, 0, 0),
(2215, 2143, 11, 'NLS_JACHYMOV', 1, 22101, 0, 0),
(2216, 2143, 11, 'NLS_KRASLICE', 1, 22111, 0, 0),
(2217, 2143, 11, 'NLS_LOKET', 1, 22121, 0, 0),
(2218, 2143, 11, 'NLS_LUBY_U_CHEBU', 1, 22131, 0, 0),
(2219, 2143, 11, 'NLS_MARIANSKE_LAZNE', 1, 22141, 0, 0),
(2220, 2143, 11, 'NLS_NEJDEK', 1, 22151, 0, 0),
(2221, 2143, 11, 'NLS_OSTROV', 1, 22161, 0, 0),
(2222, 2143, 11, 'NLS_SKALNA', 1, 22171, 0, 0),
(2223, 2143, 11, 'NLS_SOKOLOV', 1, 22181, 0, 0),
(2224, 2144, 11, 'NLS_BILINA', 1, 22191, 0, 0),
(2225, 2144, 11, 'NLS_CESKA_KAMENICE', 1, 22201, 0, 0),
(2226, 2144, 11, 'NLS_DECIN', 1, 22211, 0, 0),
(2227, 2144, 11, 'NLS_CHOMUTOV', 1, 22221, 0, 0),
(2228, 2144, 11, 'NLS_JIRKOV', 1, 22231, 0, 0),
(2229, 2144, 11, 'NLS_KADAN', 1, 22241, 0, 0),
(2230, 2144, 11, 'NLS_LOUNY', 1, 22251, 0, 0),
(2231, 2144, 11, 'NLS_LOVOSICE', 1, 22261, 0, 0),
(2232, 2144, 11, 'NLS_LITOMERICE', 1, 22271, 0, 0),
(2233, 2144, 11, 'NLS_LITVINOV', 1, 22281, 0, 0),
(2234, 2144, 11, 'NLS_MOST', 1, 22291, 0, 0),
(2235, 2144, 11, 'NLS_ROUDNICE_NAD_LABEM', 1, 22301, 0, 0),
(2236, 2144, 11, 'NLS_RUMBURK', 1, 22311, 0, 0),
(2237, 2144, 11, 'NLS_STETI', 1, 22321, 0, 0),
(2238, 2144, 11, 'NLS_TEPLICE', 1, 22331, 0, 0),
(2239, 2144, 11, 'NLS_TEREZIN', 1, 22341, 0, 0),
(2240, 2144, 11, 'NLS_USTI_NAD_LABEM', 1, 22351, 0, 0),
(2241, 2144, 11, 'NLS_VARNSDORF', 1, 22361, 0, 0),
(2242, 2144, 11, 'NLS_ZATEC', 1, 22371, 0, 0),
(2243, 2145, 11, 'NLS_CESKA_LIPA', 1, 22381, 0, 0),
(2244, 2145, 11, 'NLS_CHRASTAVA', 1, 22391, 0, 0),
(2245, 2145, 11, 'NLS_FRYDLANT', 1, 22401, 0, 0),
(2246, 2145, 11, 'NLS_JABLONEC_NAD_NISOU', 1, 22411, 0, 0),
(2247, 2145, 11, 'NLS_LIBEREC', 1, 22421, 0, 0),
(2248, 2145, 11, 'NLS_SEMILY', 1, 22431, 0, 0),
(2249, 2145, 11, 'NLS_TURNOV', 1, 22441, 0, 0),
(2250, 2146, 11, 'NLS_HRADEC_KRALOVE', 1, 22451, 0, 0),
(2251, 2146, 11, 'NLS_BROUMOV', 1, 22461, 0, 0),
(2252, 2146, 11, 'NLS_CERVENY_KOSTELEC', 1, 22471, 0, 0),
(2253, 2146, 11, 'NLS_CESKA_SKALICE', 1, 22481, 0, 0),
(2254, 2146, 11, 'NLS_CHLUMEC_NAD_CIDLINOU', 1, 22491, 0, 0),
(2255, 2146, 11, 'NLS_DVUR_KRALOVE_NAD_LABEM', 1, 22501, 0, 0),
(2256, 2146, 11, 'NLS_HORICE', 1, 22511, 0, 0),
(2257, 2146, 11, 'NLS_HRONOV', 1, 22521, 0, 0),
(2258, 2146, 11, 'NLS_JAROMER', 1, 22531, 0, 0),
(2259, 2146, 11, 'NLS_JICIN', 1, 22541, 0, 0),
(2260, 2146, 11, 'NLS_NACHOD', 1, 22551, 0, 0),
(2261, 2146, 11, 'NLS_NECHANICE', 1, 22561, 0, 0),
(2262, 2146, 11, 'NLS_NOVE_MESTO_NAD_METUJI', 1, 22571, 0, 0),
(2263, 2146, 11, 'NLS_NOVY_BYDZOV', 1, 22581, 0, 0),
(2264, 2146, 11, 'NLS_RYCHNOV_NAD_KNEZNOU', 1, 22591, 0, 0),
(2265, 2146, 11, 'NLS_SMIRICE', 1, 22601, 0, 0),
(2266, 2146, 11, 'NLS_TEPLICE_NAD_METUJI', 1, 22611, 0, 0),
(2267, 2146, 11, 'NLS_TRUTNOV', 1, 22621, 0, 0),
(2268, 2146, 11, 'NLS_VRCHLABI', 1, 22631, 0, 0),
(2269, 2147, 11, 'NLS_PARDUBICE', 1, 22641, 0, 0),
(2270, 2147, 11, 'NLS_CESKA_TREBOVA', 1, 22651, 0, 0),
(2271, 2147, 11, 'NLS_CHRUDIM', 1, 22661, 0, 0),
(2272, 2147, 11, 'NLS_HOLICE', 1, 22671, 0, 0),
(2273, 2147, 11, 'NLS_HLINSKO', 1, 22681, 0, 0),
(2274, 2147, 11, 'NLS_KRALIKY', 1, 22691, 0, 0),
(2275, 2147, 11, 'NLS_LANSKROUN', 1, 22701, 0, 0),
(2276, 2147, 11, 'NLS_LITOMYSL', 1, 22711, 0, 0),
(2277, 2147, 11, 'NLS_MORAVSKA_TREBOVA', 1, 22721, 0, 0),
(2278, 2147, 11, 'NLS_POLICKA', 1, 22731, 0, 0),
(2279, 2147, 11, 'NLS_PRELOUC', 1, 22741, 0, 0),
(2280, 2147, 11, 'NLS_SVITAVY', 1, 22751, 0, 0),
(2281, 2147, 11, 'NLS_USTI_NAD_ORLICI', 1, 22761, 0, 0),
(2282, 2147, 11, 'NLS_VYSOKE_MYTO', 1, 22771, 0, 0),
(2283, 2147, 11, 'NLS_ZAMBERK', 1, 22781, 0, 0),
(2284, 2148, 11, 'NLS_OLOMOUC', 1, 22791, 0, 0),
(2285, 2148, 11, 'NLS_JESENIK', 1, 22801, 0, 0),
(2286, 2148, 11, 'NLS_PREROV', 1, 22811, 0, 0),
(2287, 2148, 11, 'NLS_PROSTEJOV', 1, 22821, 0, 0),
(2288, 2148, 11, 'NLS_SUMPERK', 1, 22831, 0, 0),
(2289, 2149, 11, 'NLS_BILOVEC', 1, 22841, 0, 0),
(2290, 2149, 11, 'NLS_BOHUMIN', 1, 22851, 0, 0),
(2291, 2149, 11, 'NLS_BRUNTAL', 1, 22861, 0, 0),
(2292, 2149, 11, 'NLS_CESKY_TESIN', 1, 22871, 0, 0),
(2293, 2149, 11, 'NLS_FRENSTAT_POD_RADHOSTEM', 1, 22881, 0, 0),
(2294, 2149, 11, 'NLS_FRYDEK-MISTEK', 1, 22891, 0, 0),
(2295, 2149, 11, 'NLS_FRYDLANT_NAD_OSTRAVICI', 1, 22901, 0, 0),
(2296, 2149, 11, 'NLS_HAVIROV', 1, 22911, 0, 0),
(2297, 2149, 11, 'NLS_HLUCIN', 1, 22921, 0, 0),
(2298, 2149, 11, 'NLS_JABLUNKOV', 1, 22931, 0, 0),
(2299, 2149, 11, 'NLS_KARVINA', 1, 22941, 0, 0),
(2300, 2149, 11, 'NLS_KOPRIVNICE', 1, 22951, 0, 0),
(2301, 2149, 11, 'NLS_KRAVARE', 1, 22961, 0, 0),
(2302, 2149, 11, 'NLS_KRNOV', 1, 22971, 0, 0),
(2303, 2149, 11, 'NLS_NOVY_JICIN', 1, 22981, 0, 0),
(2304, 2149, 11, 'NLS_ODRY', 1, 22991, 0, 0),
(2305, 2149, 11, 'NLS_OPAVA', 1, 23001, 0, 0),
(2306, 2149, 11, 'NLS_ORLOVA', 1, 23011, 0, 0),
(2307, 2149, 11, 'NLS_OSTRAVA', 1, 23021, 0, 0),
(2308, 2149, 11, 'NLS_RYMAROV', 1, 23031, 0, 0),
(2309, 2149, 11, 'NLS_TRINEC', 1, 23041, 0, 0),
(2310, 2149, 11, 'NLS_VITKOV', 1, 23051, 0, 0),
(2311, 2150, 11, 'NLS_BRNO', 1, 23061, 0, 0),
(2312, 2150, 11, 'NLS_BLANSKO', 1, 23071, 0, 0),
(2313, 2150, 11, 'NLS_BRECLAV', 1, 23081, 0, 0),
(2314, 2150, 11, 'NLS_HODONIN', 1, 23091, 0, 0),
(2315, 2150, 11, 'NLS_MIKULOV', 1, 23101, 0, 0),
(2316, 2150, 11, 'NLS_VYSKOV', 1, 23111, 0, 0),
(2317, 2150, 11, 'NLS_ZNOJMO', 1, 23121, 0, 0),
(2318, 2151, 11, 'NLS_ZLIN', 1, 23131, 0, 0),
(2319, 2151, 11, 'NLS_BRUMOV_BYLNICE', 1, 23141, 0, 0),
(2320, 2151, 11, 'NLS_BYSTRICE_POD_HOSTYNEM', 1, 23151, 0, 0),
(2321, 2151, 11, 'NLS_CHROPYNE', 1, 23161, 0, 0),
(2322, 2151, 11, 'NLS_HOLESOV', 1, 23171, 0, 0),
(2323, 2151, 11, 'NLS_HULIN', 1, 23181, 0, 0),
(2324, 2151, 11, 'NLS_KROMERIZ', 1, 23191, 0, 0),
(2325, 2151, 11, 'NLS_KUNOVICE', 1, 23201, 0, 0),
(2326, 2151, 11, 'NLS_LUHACOVICE', 1, 23211, 0, 0),
(2327, 2151, 11, 'NLS_NAPAJEDLA', 1, 23221, 0, 0),
(2328, 2151, 11, 'NLS_OTROKOVICE', 1, 23231, 0, 0),
(2329, 2151, 11, 'NLS_ROZNOV_POD_RADHOSTEM', 1, 23241, 0, 0),
(2330, 2151, 11, 'NLS_SLAVICIN', 1, 23251, 0, 0),
(2331, 2151, 11, 'NLS_STARE_MESTO', 1, 23261, 0, 0),
(2332, 2151, 11, 'NLS_UHERSKE_HRADISTE', 1, 23271, 0, 0),
(2333, 2151, 11, 'NLS_UHERSKY_BROD', 1, 23281, 0, 0),
(2334, 2151, 11, 'NLS_VALASSKE_KLOBOUKY', 1, 23291, 0, 0),
(2335, 2151, 11, 'NLS_VALASSKE_MEZIRICI', 1, 23301, 0, 0),
(2336, 2151, 11, 'NLS_VSETIN', 1, 23311, 0, 0),
(2337, 2152, 11, 'NLS_JIHLAVA', 1, 23321, 0, 0),
(2338, 2152, 11, 'NLS_BYSTRICE_NAD_PERNSTEJNEM', 1, 23331, 0, 0),
(2339, 2152, 11, 'NLS_CHOTEBOR', 1, 23341, 0, 0),
(2340, 2152, 11, 'NLS_HAVLICKUV_BROD', 1, 23351, 0, 0),
(2341, 2152, 11, 'NLS_HUMPOLEC', 1, 23361, 0, 0),
(2342, 2152, 11, 'NLS_MORAVSKE_BUDEJOVICE', 1, 23371, 0, 0),
(2343, 2152, 11, 'NLS_NAMEST_NAD_OSLAVOU', 1, 23381, 0, 0),
(2344, 2152, 11, 'NLS_NOVE_MESTO_NA_MORAVE', 1, 23391, 0, 0),
(2345, 2152, 11, 'NLS_PACOV', 1, 23401, 0, 0),
(2346, 2152, 11, 'NLS_PELHRIMOV', 1, 23411, 0, 0),
(2347, 2152, 11, 'NLS_POLNA', 1, 23421, 0, 0),
(2348, 2152, 11, 'NLS_SVETLA_NAD_SAZAVOU', 1, 23431, 0, 0),
(2349, 2152, 11, 'NLS_TELC', 1, 23441, 0, 0),
(2350, 2152, 11, 'NLS_TREBIC', 1, 23451, 0, 0),
(2351, 2152, 11, 'NLS_VELKE_MEZIRICI', 1, 23461, 0, 0),
(2352, 2152, 11, 'NLS_ZDAR_NAD_SAZAVOU', 1, 23471, 0, 0),
(2198, 2142, 11, 'NLS_HORSOVSKY_TYN', 1, 21931, 0, 0),
(2144, 302, 10, 'NLS_USTI_NAD_LABEM_REGION', 1, 21391, 0, 0),
(2143, 302, 10, 'NLS_KARLOVY_VARY_REGION', 1, 21381, 0, 0),
(1652, 301, 10, 'NLS_PLEVENSKAJA', 1, 16471, 0, 0),
(2353, 1936, 10, 'NLS_BARBUDA', 1, 23481, 0, 0),
(2354, 1936, 10, 'NLS_SAINT_GEORGE', 1, 23491, 0, 0),
(2355, 1936, 10, 'NLS_SAINT_JOHN', 1, 23501, 0, 0),
(2356, 1936, 10, 'NLS_SAINT_MARY', 1, 23511, 0, 0),
(2357, 1936, 10, 'NLS_SAINT_PAUL', 1, 23521, 0, 0),
(2358, 1936, 10, 'NLS_SAINT_PETER', 1, 23531, 0, 0),
(2359, 1936, 10, 'NLS_SAINT_PHILIP', 1, 23541, 0, 0),
(2360, 1936, 10, 'NLS_REDONDA', 1, 23551, 0, 0),
(1908, 275, 9, 'NLS_BERMUDA', 1, 1, 0, 0),
(1912, 275, 9, 'NLS_SAINT_PIERRE_AND_MIQUELON', 1, 1, 0, 0),
(1920, 276, 9, 'NLS_PANAMA', 1, 1, 0, 0),
(1933, 278, 9, 'NLS_URUGUAY', 1, 1, 0, 0),
(1980, 262, 9, 'NLS_IRELAND', 1, 1, 0, 0),
(1998, 263, 9, 'NLS_MACEDONIA', 1, 1, 0, 0),
(2014, 273, 9, 'NLS_MALAWI', 1, 1, 0, 0),
(2027, 272, 9, 'NLS_CENTRAL_AFRICAN_REPUBLIC', 1, 1, 0, 0),
(2055, 271, 9, 'NLS_LIBERIA', 1, 1, 0, 0),
(2072, 268, 9, 'NLS_TAIWAN', 1, 1, 0, 0),
(2107, 265, 9, 'NLS_LEBANON', 1, 1, 0, 0),
(2124, 281, 9, 'NLS_HAWAII', 1, 1, 0, 0),
(1972, 261, 9, 'NLS_NETHERLANDS', 1, 1, 0, 0),
(2078, 266, 9, 'NLS_KAZAKHSTAN', 1, 1, 0, 0),
(2361, 1938, 10, 'NLS_BIMINI', 1, 23561, 0, 0),
(2362, 1938, 10, 'NLS_CAT_ISLAND', 1, 23571, 0, 0),
(2363, 1938, 10, 'NLS_EXUMA', 1, 23581, 0, 0),
(2364, 1938, 10, 'NLS_INAGUA', 1, 23591, 0, 0),
(2365, 1938, 10, 'NLS_LONG_ISLAND', 1, 23601, 0, 0),
(2366, 1938, 10, 'NLS_MAYAGUANA', 1, 23611, 0, 0),
(2367, 1938, 10, 'NLS_RAGGED_ISLAND', 1, 23621, 0, 0),
(2368, 1938, 10, 'NLS_HARBOUR_ISLAND', 1, 23631, 0, 0),
(2369, 1938, 10, 'NLS_NEW_PROVIDENCE', 1, 23641, 0, 0),
(2370, 1938, 10, 'NLS_ACKLINS_AND_CROOKED_ISLANDS', 1, 23651, 0, 0),
(2371, 1938, 10, 'NLS_FREEPORT', 1, 23661, 0, 0),
(2372, 1938, 10, 'NLS_FRESH_CREEK', 1, 23671, 0, 0),
(2373, 1938, 10, 'NLS_GOVERNOR_S_HARBOUR', 1, 23681, 0, 0),
(2374, 1938, 10, 'NLS_GREEN_TURTLE_CAY', 1, 23691, 0, 0),
(2375, 1938, 10, 'NLS_HIGH_ROCK', 1, 23701, 0, 0),
(2376, 1938, 10, 'NLS_KEMPS_BAY', 1, 23711, 0, 0),
(2377, 1938, 10, 'NLS_MARSH_HARBOUR', 1, 23721, 0, 0),
(2378, 1938, 10, 'NLS_NICHOLLSTOWN_AND_BERRY_ISLANDS', 1, 23731, 0, 0),
(2379, 1938, 10, 'NLS_ROCK_SOUND', 1, 23741, 0, 0),
(2380, 1938, 10, 'NLS_SANDY_POINT', 1, 23751, 0, 0),
(2381, 1938, 10, 'NLS_SAN_SALVADOR_AND_RUM_CAY', 1, 23761, 0, 0),
(2382, 1939, 10, 'NLS_CHRIST_CHURCH', 1, 23771, 0, 0),
(2383, 1939, 10, 'NLS_SAINT_ANDREW', 1, 23781, 0, 0),
(2384, 1939, 10, 'NLS_SAINT_GEORGE', 1, 23791, 0, 0),
(2385, 1939, 10, 'NLS_SAINT_JAMES', 1, 23801, 0, 0),
(2386, 1939, 10, 'NLS_SAINT_JOHN', 1, 23811, 0, 0),
(2387, 1939, 10, 'NLS_SAINT_JOSEPH', 1, 23821, 0, 0),
(2388, 1939, 10, 'NLS_SAINT_LUCY', 1, 23831, 0, 0),
(2389, 1939, 10, 'NLS_SAINT_MICHAEL', 1, 23841, 0, 0),
(2390, 1939, 10, 'NLS_SAINT_PETER', 1, 23851, 0, 0),
(2391, 1939, 10, 'NLS_SAINT_PHILIP', 1, 23861, 0, 0),
(2392, 1939, 10, 'NLS_SAINT_THOMAS', 1, 23871, 0, 0),
(2393, 1940, 10, 'NLS_DEVONSHIRE', 1, 23881, 0, 0),
(2394, 1940, 10, 'NLS_HAMILTON', 1, 23891, 0, 0),
(2395, 1940, 10, 'NLS_PAGET', 1, 23901, 0, 0),
(2396, 1940, 10, 'NLS_PEMBROKE', 1, 23911, 0, 0),
(2397, 1940, 10, 'NLS_SAINT_GEORGE', 1, 23921, 0, 0),
(2398, 1940, 10, 'NLS_SAINT_GEORGE_S', 1, 23931, 0, 0),
(2399, 1940, 10, 'NLS_SANDYS', 1, 23941, 0, 0),
(2400, 1940, 10, 'NLS_SMITHS', 1, 23951, 0, 0),
(2401, 1940, 10, 'NLS_SOUTHAMPTON', 1, 23961, 0, 0),
(2402, 1940, 10, 'NLS_WARWICK', 1, 23971, 0, 0),
(2403, 1941, 10, 'NLS_BRITISH', 1, 23981, 0, 0),
(2404, 1943, 10, 'NLS_CREEK', 1, 23991, 0, 0),
(2405, 1943, 10, 'NLS_EASTERN', 1, 24001, 0, 0),
(2406, 1943, 10, 'NLS_MIDLAND', 1, 24011, 0, 0),
(2407, 1943, 10, 'NLS_SOUTH_TOWN', 1, 24021, 0, 0),
(2408, 1943, 10, 'NLS_SPOT_BAY', 1, 24031, 0, 0),
(2409, 1943, 10, 'NLS_STAKE_BAY', 1, 24041, 0, 0),
(2410, 1943, 10, 'NLS_WEST_END', 1, 24051, 0, 0),
(2411, 1943, 10, 'NLS_WESTERN', 1, 24061, 0, 0),
(2412, 1944, 10, 'NLS_PINAR_DEL_RIO', 1, 24071, 0, 0),
(2413, 1944, 10, 'NLS_CIUDAD_DE_LA_HABANA', 1, 24081, 0, 0),
(2414, 1944, 10, 'NLS_MATANZAS', 1, 24091, 0, 0),
(2415, 1944, 10, 'NLS_ISLA_DE_LA_JUVENTUD', 1, 24101, 0, 0),
(2416, 1944, 10, 'NLS_CAMAGUEY', 1, 24111, 0, 0),
(2417, 1944, 10, 'NLS_CIEGO_DE_AVILA', 1, 24121, 0, 0),
(2418, 1944, 10, 'NLS_CIENFUEGOS', 1, 24131, 0, 0),
(2419, 1944, 10, 'NLS_GRANMA', 1, 24141, 0, 0),
(2420, 1944, 10, 'NLS_GUANTANAMO', 1, 24151, 0, 0),
(2421, 1944, 10, 'NLS_LA_HABANA', 1, 24161, 0, 0),
(2422, 1944, 10, 'NLS_HOLGUIN', 1, 24171, 0, 0),
(2423, 1944, 10, 'NLS_LAS_TUNAS', 1, 24181, 0, 0),
(2424, 1944, 10, 'NLS_SANCTI_SPIRITUS', 1, 24191, 0, 0),
(2425, 1944, 10, 'NLS_SANTIAGO_DE_CUBA', 1, 24201, 0, 0),
(2426, 1944, 10, 'NLS_VILLA_CLARA', 1, 24211, 0, 0),
(2427, 1946, 10, 'NLS_SAINT_ANDREW', 1, 24221, 0, 0),
(2428, 1946, 10, 'NLS_SAINT_DAVID', 1, 24231, 0, 0),
(2429, 1946, 10, 'NLS_SAINT_GEORGE', 1, 24241, 0, 0),
(2430, 1946, 10, 'NLS_SAINT_JOHN', 1, 24251, 0, 0),
(2431, 1946, 10, 'NLS_SAINT_JOSEPH', 1, 24261, 0, 0),
(2432, 1946, 10, 'NLS_SAINT_LUKE', 1, 24271, 0, 0),
(2433, 1946, 10, 'NLS_SAINT_MARK', 1, 24281, 0, 0),
(2434, 1946, 10, 'NLS_SAINT_PATRICK', 1, 24291, 0, 0),
(2435, 1946, 10, 'NLS_SAINT_PAUL', 1, 24301, 0, 0),
(2436, 1946, 10, 'NLS_SAINT_PETER', 1, 24311, 0, 0),
(2437, 1947, 10, 'NLS_AZUA', 1, 24321, 0, 0),
(2438, 1947, 10, 'NLS_BAORUCO', 1, 24331, 0, 0),
(2439, 1947, 10, 'NLS_BARAHONA', 1, 24341, 0, 0),
(2440, 1947, 10, 'NLS_DAJABON', 1, 24351, 0, 0),
(2441, 1947, 10, 'NLS_DISTRITO_NACIONAL', 1, 24361, 0, 0),
(2442, 1947, 10, 'NLS_DUARTE', 1, 24371, 0, 0),
(2443, 1947, 10, 'NLS_ESPAILLAT', 1, 24381, 0, 0),
(2444, 1947, 10, 'NLS_INDEPENDENCIA', 1, 24391, 0, 0),
(2445, 1947, 10, 'NLS_LA_ALTAGRACIA', 1, 24401, 0, 0),
(2446, 1947, 10, 'NLS_ELIAS_PINA', 1, 24411, 0, 0),
(2447, 1947, 10, 'NLS_LA_ROMANA', 1, 24421, 0, 0),
(2448, 1947, 10, 'NLS_MARIA_TRINIDAD_SANCHEZ', 1, 24431, 0, 0),
(2449, 1947, 10, 'NLS_MONTE_CRISTI', 1, 24441, 0, 0),
(2450, 1947, 10, 'NLS_PEDERNALES', 1, 24451, 0, 0),
(2451, 1947, 10, 'NLS_PERAVIA', 1, 24461, 0, 0),
(2452, 1947, 10, 'NLS_PUERTO_PLATA', 1, 24471, 0, 0),
(2453, 1947, 10, 'NLS_SALCEDO', 1, 24481, 0, 0),
(2454, 1947, 10, 'NLS_SAMANA', 1, 24491, 0, 0),
(2455, 1947, 10, 'NLS_SANCHEZ_RAMIREZ', 1, 24501, 0, 0),
(2456, 1947, 10, 'NLS_SAN_JUAN', 1, 24511, 0, 0),
(2457, 1947, 10, 'NLS_SAN_PEDRO_DE_MACORIS', 1, 24521, 0, 0),
(2458, 1947, 10, 'NLS_SANTIAGO', 1, 24531, 0, 0),
(2459, 1947, 10, 'NLS_SANTIAGO_RODRIGUEZ', 1, 24541, 0, 0),
(2460, 1947, 10, 'NLS_VALVERDE', 1, 24551, 0, 0),
(2461, 1947, 10, 'NLS_EL_SEIBO', 1, 24561, 0, 0),
(2462, 1947, 10, 'NLS_HATO_MAYOR', 1, 24571, 0, 0),
(2463, 1947, 10, 'NLS_LA_VEGA', 1, 24581, 0, 0),
(2464, 1947, 10, 'NLS_MONSENOR_NOUEL', 1, 24591, 0, 0),
(2465, 1947, 10, 'NLS_MONTE_PLATA', 1, 24601, 0, 0),
(2466, 1947, 10, 'NLS_SAN_CRISTOBAL', 1, 24611, 0, 0),
(2467, 1947, 10, 'NLS_DISTRITO_NACIONAL', 1, 24621, 0, 0),
(2468, 1947, 10, 'NLS_PERAVIA', 1, 24631, 0, 0),
(2469, 1947, 10, 'NLS_SAN_JOSE_DE_OCOA', 1, 24641, 0, 0),
(2470, 1947, 10, 'NLS_SANTO_DOMINGO', 1, 24651, 0, 0),
(2471, 1948, 10, 'NLS_SAINT_ANDREW', 1, 24661, 0, 0),
(2472, 1948, 10, 'NLS_SAINT_DAVID', 1, 24671, 0, 0),
(2473, 1948, 10, 'NLS_SAINT_GEORGE', 1, 24681, 0, 0),
(2474, 1948, 10, 'NLS_SAINT_JOHN', 1, 24691, 0, 0),
(2475, 1948, 10, 'NLS_SAINT_MARK', 1, 24701, 0, 0),
(2476, 1948, 10, 'NLS_SAINT_PATRICK', 1, 24711, 0, 0),
(2477, 1950, 10, 'NLS_NORD_OUEST', 1, 24721, 0, 0),
(2478, 1950, 10, 'NLS_ARTIBONITE', 1, 24731, 0, 0),
(2479, 1950, 10, 'NLS_CENTRE', 1, 24741, 0, 0),
(2480, 1950, 10, 'NLS_NORD', 1, 24751, 0, 0),
(2481, 1950, 10, 'NLS_NORD_EST', 1, 24761, 0, 0),
(2482, 1950, 10, 'NLS_OUEST', 1, 24771, 0, 0),
(2483, 1950, 10, 'NLS_SUD', 1, 24781, 0, 0),
(2484, 1950, 10, 'NLS_SUD_EST', 1, 24791, 0, 0),
(2485, 1950, 10, 'NLS_GRAND__ANSE', 1, 24801, 0, 0),
(2486, 1950, 10, 'NLS_NIPPES', 1, 24811, 0, 0),
(2487, 1951, 10, 'NLS_CLARENDON', 1, 24821, 0, 0),
(2488, 1951, 10, 'NLS_HANOVER', 1, 24831, 0, 0),
(2489, 1951, 10, 'NLS_MANCHESTER', 1, 24841, 0, 0),
(2490, 1951, 10, 'NLS_PORTLAND', 1, 24851, 0, 0),
(2491, 1951, 10, 'NLS_SAINT_ANDREW', 1, 24861, 0, 0),
(2492, 1951, 10, 'NLS_SAINT_ANN', 1, 24871, 0, 0),
(2493, 1951, 10, 'NLS_SAINT_CATHERINE', 1, 24881, 0, 0),
(2494, 1951, 10, 'NLS_SAINT_ELIZABETH', 1, 24891, 0, 0),
(2495, 1951, 10, 'NLS_SAINT_JAMES', 1, 24901, 0, 0),
(2496, 1951, 10, 'NLS_SAINT_MARY', 1, 24911, 0, 0),
(2497, 1951, 10, 'NLS_SAINT_THOMAS', 1, 24921, 0, 0),
(2498, 1951, 10, 'NLS_TRELAWNY', 1, 24931, 0, 0),
(2499, 1951, 10, 'NLS_WESTMORELAND', 1, 24941, 0, 0),
(2500, 1951, 10, 'NLS_KINGSTON', 1, 24951, 0, 0),
(2501, 1953, 10, 'NLS_SAINT_ANTHONY', 1, 24961, 0, 0),
(2502, 1953, 10, 'NLS_SAINT_GEORGES', 1, 24971, 0, 0),
(2503, 1953, 10, 'NLS_SAINT_PETER', 1, 24981, 0, 0),
(2504, 1957, 10, 'NLS_CHRIST_CHURCH_NICHOLA_TOWN', 1, 24991, 0, 0),
(2505, 1957, 10, 'NLS_SAINT_ANNE_SANDY_POINT', 1, 25001, 0, 0),
(2506, 1957, 10, 'NLS_SAINT_GEORGE_BASSETERRE', 1, 25011, 0, 0),
(2507, 1957, 10, 'NLS_SAINT_GEORGE_GINGERLAND', 1, 25021, 0, 0),
(2508, 1957, 10, 'NLS_SAINT_JAMES_WINDWARD', 1, 25031, 0, 0),
(2509, 1957, 10, 'NLS_SAINT_JOHN_CAPISTERRE', 1, 25041, 0, 0),
(2510, 1957, 10, 'NLS_SAINT_JOHN_FIGTREE', 1, 25051, 0, 0),
(2511, 1957, 10, 'NLS_SAINT_MARY_CAYON', 1, 25061, 0, 0),
(2512, 1957, 10, 'NLS_SAINT_PAUL_CAPISTERRE', 1, 25071, 0, 0),
(2513, 1957, 10, 'NLS_SAINT_PAUL_CHARLESTOWN', 1, 25081, 0, 0),
(2514, 1957, 10, 'NLS_SAINT_PETER_BASSETERRE', 1, 25091, 0, 0),
(2515, 1957, 10, 'NLS_SAINT_THOMAS_LOWLAND', 1, 25101, 0, 0),
(2516, 1957, 10, 'NLS_SAINT_THOMAS_MIDDLE_ISLAND', 1, 25111, 0, 0),
(2517, 1957, 10, 'NLS_TRINITY_PALMETTO_POINT', 1, 25121, 0, 0),
(2518, 1958, 10, 'NLS_ANSE_LA_RAYE', 1, 25131, 0, 0),
(2519, 1958, 10, 'NLS_DAUPHIN', 1, 25141, 0, 0),
(2520, 1958, 10, 'NLS_CASTRIES', 1, 25151, 0, 0),
(2521, 1958, 10, 'NLS_CHOISEUL', 1, 25161, 0, 0),
(2522, 1958, 10, 'NLS_DENNERY', 1, 25171, 0, 0),
(2523, 1958, 10, 'NLS_GROS_ISLET', 1, 25181, 0, 0),
(2524, 1958, 10, 'NLS_LABORIE', 1, 25191, 0, 0),
(2525, 1958, 10, 'NLS_MICOUD', 1, 25201, 0, 0),
(2526, 1958, 10, 'NLS_SOUFRIERE', 1, 25211, 0, 0),
(2527, 1958, 10, 'NLS_VIEUX_FORT', 1, 25221, 0, 0),
(2528, 1958, 10, 'NLS_PRASLIN', 1, 25231, 0, 0),
(2529, 1960, 10, 'NLS_CHARLOTTE', 1, 25241, 0, 0),
(2530, 1960, 10, 'NLS_SAINT_ANDREW', 1, 25251, 0, 0),
(2531, 1960, 10, 'NLS_SAINT_DAVID', 1, 25261, 0, 0),
(2532, 1960, 10, 'NLS_SAINT_GEORGE', 1, 25271, 0, 0),
(2533, 1960, 10, 'NLS_SAINT_PATRICK', 1, 25281, 0, 0),
(2534, 1960, 10, 'NLS_GRENADINES', 1, 25291, 0, 0),
(2535, 1962, 10, 'NLS_ARIMA', 1, 25301, 0, 0),
(2536, 1962, 10, 'NLS_CARONI', 1, 25311, 0, 0),
(2537, 1962, 10, 'NLS_MAYARO', 1, 25321, 0, 0),
(2538, 1962, 10, 'NLS_NARIVA', 1, 25331, 0, 0),
(2539, 1962, 10, 'NLS_PORT_OF_SPAIN', 1, 25341, 0, 0),
(2540, 1962, 10, 'NLS_SAINT_ANDREW', 1, 25351, 0, 0),
(2541, 1962, 10, 'NLS_SAINT_DAVID', 1, 25361, 0, 0),
(2542, 1962, 10, 'NLS_SAINT_GEORGE', 1, 25371, 0, 0),
(2543, 1962, 10, 'NLS_SAINT_PATRICK', 1, 25381, 0, 0),
(2544, 1962, 10, 'NLS_SAN_FERNANDO', 1, 25391, 0, 0),
(2545, 1962, 10, 'NLS_TOBAGO', 1, 25401, 0, 0),
(2546, 1962, 10, 'NLS_VICTORIA', 1, 25411, 0, 0),
(2547, 1964, 10, 'NLS_U.S.', 1, 25421, 0, 0),
(2029, 272, 9, 'NLS_CONGO_BRAZZAVILLE', 1, 1, 0, 0),
(2548, 1914, 10, 'NLS_BELIZE', 1, 25431, 0, 0),
(2549, 1914, 10, 'NLS_CAYO', 1, 25441, 0, 0),
(2550, 1914, 10, 'NLS_COROZAL', 1, 25451, 0, 0),
(2551, 1914, 10, 'NLS_ORANGE_WALK', 1, 25461, 0, 0),
(2552, 1914, 10, 'NLS_STANN_CREEK', 1, 25471, 0, 0),
(2553, 1914, 10, 'NLS_TOLEDO', 1, 25481, 0, 0),
(2554, 1915, 10, 'NLS_ALAJUELA', 1, 25491, 0, 0),
(2555, 1915, 10, 'NLS_CARTAGO', 1, 25501, 0, 0),
(2556, 1915, 10, 'NLS_GUANACASTE', 1, 25511, 0, 0),
(2557, 1915, 10, 'NLS_HEREDIA', 1, 25521, 0, 0),
(2558, 1915, 10, 'NLS_LIMON', 1, 25531, 0, 0),
(2559, 1915, 10, 'NLS_PUNTARENAS', 1, 25541, 0, 0),
(2560, 1915, 10, 'NLS_SAN_JOSE', 1, 25551, 0, 0),
(2561, 1916, 10, 'NLS_AHUACHAPAN', 1, 25561, 0, 0),
(2562, 1916, 10, 'NLS_CABANAS', 1, 25571, 0, 0),
(2563, 1916, 10, 'NLS_CHALATENANGO', 1, 25581, 0, 0),
(2564, 1916, 10, 'NLS_CUSCATLAN', 1, 25591, 0, 0),
(2565, 1916, 10, 'NLS_LA_LIBERTAD', 1, 25601, 0, 0),
(2566, 1916, 10, 'NLS_LA_PAZ', 1, 25611, 0, 0),
(2567, 1916, 10, 'NLS_LA_UNION', 1, 25621, 0, 0),
(2568, 1916, 10, 'NLS_MORAZAN', 1, 25631, 0, 0),
(2569, 1916, 10, 'NLS_SAN_MIGUEL', 1, 25641, 0, 0),
(2570, 1916, 10, 'NLS_SAN_SALVADOR', 1, 25651, 0, 0),
(2571, 1916, 10, 'NLS_SANTA_ANA', 1, 25661, 0, 0),
(2572, 1916, 10, 'NLS_SAN_VICENTE', 1, 25671, 0, 0),
(2573, 1916, 10, 'NLS_SONSONATE', 1, 25681, 0, 0),
(2574, 1916, 10, 'NLS_USULUTAN', 1, 25691, 0, 0),
(2575, 1917, 10, 'NLS_ALTA_VERAPAZ', 1, 25701, 0, 0),
(2576, 1917, 10, 'NLS_BAJA_VERAPAZ', 1, 25711, 0, 0),
(2577, 1917, 10, 'NLS_CHIMALTENANGO', 1, 25721, 0, 0),
(2578, 1917, 10, 'NLS_CHIQUIMULA', 1, 25731, 0, 0),
(2579, 1917, 10, 'NLS_EL_PROGRESO', 1, 25741, 0, 0),
(2580, 1917, 10, 'NLS_ESCUINTLA', 1, 25751, 0, 0),
(2581, 1917, 10, 'NLS_GUATEMALA', 1, 25761, 0, 0),
(2582, 1917, 10, 'NLS_HUEHUETENANGO', 1, 25771, 0, 0),
(2583, 1917, 10, 'NLS_IZABAL', 1, 25781, 0, 0),
(2584, 1917, 10, 'NLS_JALAPA', 1, 25791, 0, 0),
(2585, 1917, 10, 'NLS_JUTIAPA', 1, 25801, 0, 0),
(2586, 1917, 10, 'NLS_PETEN', 1, 25811, 0, 0),
(2587, 1917, 10, 'NLS_QUETZALTENANGO', 1, 25821, 0, 0),
(2588, 1917, 10, 'NLS_QUICHE', 1, 25831, 0, 0),
(2589, 1917, 10, 'NLS_RETALHULEU', 1, 25841, 0, 0),
(2590, 1917, 10, 'NLS_SACATEPEQUEZ', 1, 25851, 0, 0),
(2591, 1917, 10, 'NLS_SAN_MARCOS', 1, 25861, 0, 0),
(2592, 1917, 10, 'NLS_SANTA_ROSA', 1, 25871, 0, 0),
(2593, 1917, 10, 'NLS_SOLOLA', 1, 25881, 0, 0),
(2594, 1917, 10, 'NLS_SUCHITEPEQUEZ', 1, 25891, 0, 0),
(2885, 1924, 10, 'NLS_LOS_LAGOS', 1, 28801, 0, 0),
(2595, 1917, 10, 'NLS_TOTONICAPAN', 1, 25901, 0, 0),
(2596, 1917, 10, 'NLS_ZACAPA', 1, 25911, 0, 0),
(2597, 1918, 10, 'NLS_ATLANTIDA', 1, 25921, 0, 0),
(2598, 1918, 10, 'NLS_CHOLUTECA', 1, 25931, 0, 0),
(2599, 1918, 10, 'NLS_COLON', 1, 25941, 0, 0),
(2600, 1918, 10, 'NLS_COMAYAGUA', 1, 25951, 0, 0),
(2601, 1918, 10, 'NLS_COPAN', 1, 25961, 0, 0),
(2602, 1918, 10, 'NLS_CORTES', 1, 25971, 0, 0),
(2603, 1918, 10, 'NLS_EL_PARAISO', 1, 25981, 0, 0),
(2604, 1918, 10, 'NLS_FRANCISCO_MORAZAN', 1, 25991, 0, 0),
(2605, 1918, 10, 'NLS_GRACIAS_A_DIOS', 1, 26001, 0, 0),
(2606, 1918, 10, 'NLS_INTIBUCA', 1, 26011, 0, 0),
(2607, 1918, 10, 'NLS_ISLAS_DE_LA_BAHIA', 1, 26021, 0, 0),
(2608, 1918, 10, 'NLS_LA_PAZ', 1, 26031, 0, 0),
(2609, 1918, 10, 'NLS_LEMPIRA', 1, 26041, 0, 0),
(2610, 1918, 10, 'NLS_OCOTEPEQUE', 1, 26051, 0, 0),
(2611, 1918, 10, 'NLS_OLANCHO', 1, 26061, 0, 0),
(2612, 1918, 10, 'NLS_SANTA_BARBARA', 1, 26071, 0, 0),
(2613, 1918, 10, 'NLS_VALLE', 1, 26081, 0, 0),
(2614, 1918, 10, 'NLS_YORO', 1, 26091, 0, 0),
(2615, 1919, 10, 'NLS_BOACO', 1, 26101, 0, 0),
(2616, 1919, 10, 'NLS_CARAZO', 1, 26111, 0, 0),
(2617, 1919, 10, 'NLS_CHINANDEGA', 1, 26121, 0, 0),
(2618, 1919, 10, 'NLS_CHONTALES', 1, 26131, 0, 0),
(2619, 1919, 10, 'NLS_ESTELI', 1, 26141, 0, 0),
(2620, 1919, 10, 'NLS_GRANADA', 1, 26151, 0, 0),
(2621, 1919, 10, 'NLS_JINOTEGA', 1, 26161, 0, 0),
(2622, 1919, 10, 'NLS_LEON', 1, 26171, 0, 0),
(2623, 1919, 10, 'NLS_MADRIZ', 1, 26181, 0, 0),
(2624, 1919, 10, 'NLS_MANAGUA', 1, 26191, 0, 0),
(2625, 1919, 10, 'NLS_MASAYA', 1, 26201, 0, 0),
(2626, 1919, 10, 'NLS_MATAGALPA', 1, 26211, 0, 0),
(2627, 1919, 10, 'NLS_NUEVA_SEGOVIA', 1, 26221, 0, 0),
(2628, 1919, 10, 'NLS_RIO_SAN_JUAN', 1, 26231, 0, 0),
(2629, 1919, 10, 'NLS_RIVAS', 1, 26241, 0, 0),
(2630, 1919, 10, 'NLS_ZELAYA', 1, 26251, 0, 0),
(2631, 1919, 10, 'NLS_AUTONOMA_ATLANTICO_NORTE', 1, 26261, 0, 0),
(2632, 1919, 10, 'NLS_REGION_AUTONOMA_ATLANTICO_SUR', 1, 26271, 0, 0),
(2633, 1920, 10, 'NLS_BOCAS_DEL_TORO', 1, 26281, 0, 0),
(2634, 1920, 10, 'NLS_CHIRIQUI', 1, 26291, 0, 0),
(2635, 1920, 10, 'NLS_COCLE', 1, 26301, 0, 0),
(2636, 1920, 10, 'NLS_COLON', 1, 26311, 0, 0),
(2637, 1920, 10, 'NLS_DARIEN', 1, 26321, 0, 0),
(2638, 1920, 10, 'NLS_HERRERA', 1, 26331, 0, 0),
(2639, 1920, 10, 'NLS_LOS_SANTOS', 1, 26341, 0, 0),
(2640, 1920, 10, 'NLS_PANAMA', 1, 26351, 0, 0),
(2641, 1920, 10, 'NLS_SAN_BLAS', 1, 26361, 0, 0),
(2642, 1920, 10, 'NLS_VERAGUAS', 1, 26371, 0, 0),
(2643, 1909, 10, 'NLS_ALBERTA', 1, 26381, 0, 0),
(2644, 1909, 10, 'NLS_BRITISH_COLUMBIA', 1, 26391, 0, 0),
(2645, 1909, 10, 'NLS_MANITOBA', 1, 26401, 0, 0),
(2646, 1909, 10, 'NLS_NEW_BRUNSWICK', 1, 26411, 0, 0),
(2647, 1909, 10, 'NLS_NEWFOUNDLAND_AND_LABRADOR', 1, 26421, 0, 0),
(2648, 1909, 10, 'NLS_NOVA_SCOTIA', 1, 26431, 0, 0),
(2649, 1909, 10, 'NLS_ONTARIO', 1, 26441, 0, 0),
(2650, 1909, 10, 'NLS_PRINCE_EDWARD_ISLAND', 1, 26451, 0, 0),
(2651, 1909, 10, 'NLS_QUEBEC', 1, 26461, 0, 0),
(2652, 1909, 10, 'NLS_SASKATCHEWAN', 1, 26471, 0, 0),
(2653, 1909, 10, 'NLS_YUKON_TERRITORY', 1, 26481, 0, 0),
(2654, 1909, 10, 'NLS_NORTHWEST_TERRITORIES', 1, 26491, 0, 0),
(2655, 1909, 10, 'NLS_NUNAVUT', 1, 26501, 0, 0),
(2656, 1909, 10, 'NLS_ALBERTA', 1, 26511, 0, 0),
(2657, 1909, 10, 'NLS_BRITISH_COLUMBIA', 1, 26521, 0, 0),
(2658, 1909, 10, 'NLS_MANITOBA', 1, 26531, 0, 0),
(2659, 1909, 10, 'NLS_NEW_BRUNSWICK', 1, 26541, 0, 0),
(2660, 1909, 10, 'NLS_NEWFOUNDLAND', 1, 26551, 0, 0),
(2661, 1909, 10, 'NLS_NOVA_SCOTIA', 1, 26561, 0, 0),
(2662, 1909, 10, 'NLS_NORTHWEST_TERRITORIES', 1, 26571, 0, 0),
(2663, 1909, 10, 'NLS_NUNAVUT', 1, 26581, 0, 0),
(2664, 1909, 10, 'NLS_ONTARIO', 1, 26591, 0, 0),
(2665, 1909, 10, 'NLS_PRINCE_EDWARD_ISLAND', 1, 26601, 0, 0),
(2666, 1909, 10, 'NLS_QUEBEC', 1, 26611, 0, 0),
(2667, 1909, 10, 'NLS_SASKATCHEWAN', 1, 26621, 0, 0),
(2668, 1909, 10, 'NLS_YUKON_TERRITORY', 1, 26631, 0, 0),
(2669, 1910, 10, 'NLS_NORDGRONLAND', 1, 26641, 0, 0),
(2670, 1910, 10, 'NLS_OSTGRONLAND', 1, 26651, 0, 0),
(2671, 1910, 10, 'NLS_VESTGRONLAND', 1, 26661, 0, 0),
(2672, 1911, 10, 'NLS_AGUASCALIENTES', 1, 26671, 0, 0),
(2673, 1911, 10, 'NLS_BAJA_CALIFORNIA', 1, 26681, 0, 0),
(2674, 1911, 10, 'NLS_BAJA_CALIFORNIA_SUR', 1, 26691, 0, 0),
(2675, 1911, 10, 'NLS_CAMPECHE', 1, 26701, 0, 0),
(2676, 1911, 10, 'NLS_CHIAPAS', 1, 26711, 0, 0),
(2677, 1911, 10, 'NLS_CHIHUAHUA', 1, 26721, 0, 0),
(2678, 1911, 10, 'NLS_COAHUILA_DE_ZARAGOZA', 1, 26731, 0, 0),
(2679, 1911, 10, 'NLS_COLIMA', 1, 26741, 0, 0),
(2680, 1911, 10, 'NLS_DISTRITO_FEDERAL', 1, 26751, 0, 0),
(2681, 1911, 10, 'NLS_DURANGO', 1, 26761, 0, 0),
(2682, 1911, 10, 'NLS_GUANAJUATO', 1, 26771, 0, 0),
(2683, 1911, 10, 'NLS_GUERRERO', 1, 26781, 0, 0),
(2684, 1911, 10, 'NLS_HIDALGO', 1, 26791, 0, 0),
(2685, 1911, 10, 'NLS_JALISCO', 1, 26801, 0, 0),
(2686, 1911, 10, 'NLS_MEXICO', 1, 26811, 0, 0),
(2687, 1911, 10, 'NLS_MICHOACAN_DE_OCAMPO', 1, 26821, 0, 0),
(2688, 1911, 10, 'NLS_MORELOS', 1, 26831, 0, 0),
(2689, 1911, 10, 'NLS_NAYARIT', 1, 26841, 0, 0),
(2690, 1911, 10, 'NLS_NUEVO_LEON', 1, 26851, 0, 0),
(2691, 1911, 10, 'NLS_OAXACA', 1, 26861, 0, 0),
(2692, 1911, 10, 'NLS_PUEBLA', 1, 26871, 0, 0),
(2693, 1911, 10, 'NLS_QUERETARO_DE_ARTEAGA', 1, 26881, 0, 0),
(2694, 1911, 10, 'NLS_QUINTANA_ROO', 1, 26891, 0, 0),
(2695, 1911, 10, 'NLS_SAN_LUIS_POTOSI', 1, 26901, 0, 0),
(2696, 1911, 10, 'NLS_SINALOA', 1, 26911, 0, 0),
(2697, 1911, 10, 'NLS_SONORA', 1, 26921, 0, 0),
(2698, 1911, 10, 'NLS_TABASCO', 1, 26931, 0, 0),
(2699, 1911, 10, 'NLS_TAMAULIPAS', 1, 26941, 0, 0),
(2700, 1911, 10, 'NLS_TLAXCALA', 1, 26951, 0, 0),
(2701, 1911, 10, 'NLS_VERACRUZ_LLAVE', 1, 26961, 0, 0),
(2702, 1911, 10, 'NLS_YUCATAN', 1, 26971, 0, 0),
(2703, 1911, 10, 'NLS_ZACATECAS', 1, 26981, 0, 0),
(2704, 1913, 10, 'NLS_ALABAMA', 1, 26991, 0, 0),
(2705, 1913, 10, 'NLS_ALASKA', 1, 27001, 0, 0),
(2706, 1913, 10, 'NLS_ARIZONA', 1, 27011, 0, 0),
(2707, 1913, 10, 'NLS_ARKANSAS', 1, 27021, 0, 0),
(2708, 1913, 10, 'NLS_CALIFORNIA', 1, 27031, 0, 0),
(2709, 1913, 10, 'NLS_COLORADO', 1, 27041, 0, 0),
(2711, 1913, 10, 'NLS_DELAWARE', 1, 27061, 0, 0),
(2713, 1913, 10, 'NLS_FLORIDA', 1, 27081, 0, 0),
(2714, 1913, 10, 'NLS_GEORGIA', 1, 27091, 0, 0),
(2716, 1913, 10, 'NLS_IDAHO', 1, 27111, 0, 0),
(2717, 1913, 10, 'NLS_ILLINOIS', 1, 27121, 0, 0),
(2718, 1913, 10, 'NLS_INDIANA', 1, 27131, 0, 0),
(2719, 1913, 10, 'NLS_IOWA', 1, 27141, 0, 0),
(2723, 1913, 10, 'NLS_MAINE', 1, 27181, 0, 0),
(2725, 1913, 10, 'NLS_MASSACHUSETTS', 1, 27201, 0, 0),
(2727, 1913, 10, 'NLS_MINNESOTA', 1, 27221, 0, 0),
(2728, 1913, 10, 'NLS_MISSISSIPPI', 1, 27231, 0, 0),
(2730, 1913, 10, 'NLS_MONTANA', 1, 27251, 0, 0),
(2732, 1913, 10, 'NLS_NEVADA', 1, 27271, 0, 0),
(2738, 1913, 10, 'NLS_NORTH_DAKOTA', 1, 27331, 0, 0),
(2740, 1913, 10, 'NLS_OKLAHOMA', 1, 27351, 0, 0),
(2743, 1913, 10, 'NLS_RHODE_ISLAND', 1, 27381, 0, 0),
(2744, 1913, 10, 'NLS_SOUTH_CAROLINA', 1, 27391, 0, 0),
(2746, 1913, 10, 'NLS_TENNESSEE', 1, 27411, 0, 0),
(2748, 1913, 10, 'NLS_UTAH', 1, 27431, 0, 0),
(2749, 1913, 10, 'NLS_VERMONT', 1, 27441, 0, 0),
(2750, 1913, 10, 'NLS_VIRGINIA', 1, 27451, 0, 0),
(2752, 1913, 10, 'NLS_WEST_VIRGINIA', 1, 27471, 0, 0),
(2753, 1913, 10, 'NLS_WISCONSIN', 1, 27481, 0, 0),
(2765, 1913, 10, 'NLS_CONNECTICUT', 1, 27601, 0, 0),
(2766, 1913, 10, 'NLS_DISTRICT_OF_COLUMBIA', 1, 27611, 0, 0),
(2777, 1913, 10, 'NLS_KANSAS', 1, 27721, 0, 0),
(2778, 1913, 10, 'NLS_KENTUCKY', 1, 27731, 0, 0),
(2779, 1913, 10, 'NLS_LOUISIANA', 1, 27741, 0, 0),
(2781, 1913, 10, 'NLS_MARYLAND', 1, 27761, 0, 0),
(2784, 1913, 10, 'NLS_MICHIGAN', 1, 27791, 0, 0),
(2786, 1913, 10, 'NLS_MISSOURI', 1, 27811, 0, 0),
(2790, 1913, 10, 'NLS_NORTH_CAROLINA', 1, 27851, 0, 0),
(2792, 1913, 10, 'NLS_NEBRASKA', 1, 27871, 0, 0),
(2793, 1913, 10, 'NLS_NEW_HAMPSHIRE', 1, 27881, 0, 0),
(2794, 1913, 10, 'NLS_NEW_JERSEY', 1, 27891, 0, 0),
(2795, 1913, 10, 'NLS_NEW_MEXICO', 1, 27901, 0, 0),
(2797, 1913, 10, 'NLS_NEW_YORK', 1, 27921, 0, 0),
(2798, 1913, 10, 'NLS_OHIO', 1, 27931, 0, 0),
(2800, 1913, 10, 'NLS_OREGON', 1, 27951, 0, 0),
(2801, 1913, 10, 'NLS_PENNSYLVANIA', 1, 27961, 0, 0),
(2806, 1913, 10, 'NLS_SOUTH_DAKOTA', 1, 28011, 0, 0),
(2808, 1913, 10, 'NLS_TEXAS', 1, 28031, 0, 0),
(2813, 1913, 10, 'NLS_WASHINGTON', 1, 28081, 0, 0),
(2816, 1913, 10, 'NLS_WYOMING', 1, 28111, 0, 0),
(2817, 1921, 10, 'NLS_BUENOS_AIRES', 1, 28121, 0, 0),
(2818, 1921, 10, 'NLS_CATAMARCA', 1, 28131, 0, 0),
(2819, 1921, 10, 'NLS_CHACO', 1, 28141, 0, 0),
(2820, 1921, 10, 'NLS_CHUBUT', 1, 28151, 0, 0),
(2821, 1921, 10, 'NLS_CORDOBA', 1, 28161, 0, 0),
(2822, 1921, 10, 'NLS_CORRIENTES', 1, 28171, 0, 0),
(2823, 1921, 10, 'NLS_DISTRITO_FEDERAL', 1, 28181, 0, 0),
(2824, 1921, 10, 'NLS_ENTRE_RIOS', 1, 28191, 0, 0),
(2825, 1921, 10, 'NLS_FORMOSA', 1, 28201, 0, 0),
(2826, 1921, 10, 'NLS_JUJUY', 1, 28211, 0, 0),
(2827, 1921, 10, 'NLS_LA_PAMPA', 1, 28221, 0, 0),
(2828, 1921, 10, 'NLS_LA_RIOJA', 1, 28231, 0, 0),
(2829, 1921, 10, 'NLS_MENDOZA', 1, 28241, 0, 0),
(2830, 1921, 10, 'NLS_MISIONES', 1, 28251, 0, 0),
(2831, 1921, 10, 'NLS_NEUQUEN', 1, 28261, 0, 0),
(2832, 1921, 10, 'NLS_RIO_NEGRO', 1, 28271, 0, 0),
(2833, 1921, 10, 'NLS_SALTA', 1, 28281, 0, 0),
(2834, 1921, 10, 'NLS_SAN_JUAN', 1, 28291, 0, 0),
(2835, 1921, 10, 'NLS_SAN_LUIS', 1, 28301, 0, 0),
(2836, 1921, 10, 'NLS_SANTA_CRUZ', 1, 28311, 0, 0),
(2837, 1921, 10, 'NLS_SANTA_FE', 1, 28321, 0, 0),
(2838, 1921, 10, 'NLS_SANTIAGO_DEL_ESTERO', 1, 28331, 0, 0),
(2839, 1921, 10, 'NLS_TIERRA_DEL_FUEGO', 1, 28341, 0, 0),
(2840, 1921, 10, 'NLS_TUCUMAN', 1, 28351, 0, 0),
(2841, 1922, 10, 'NLS_CHUQUISACA', 1, 28361, 0, 0),
(2842, 1922, 10, 'NLS_COCHABAMBA', 1, 28371, 0, 0),
(2843, 1922, 10, 'NLS_EL_BENI', 1, 28381, 0, 0),
(2844, 1922, 10, 'NLS_LA_PAZ', 1, 28391, 0, 0),
(2845, 1922, 10, 'NLS_ORURO', 1, 28401, 0, 0),
(2846, 1922, 10, 'NLS_PANDO', 1, 28411, 0, 0),
(2847, 1922, 10, 'NLS_POTOSI', 1, 28421, 0, 0),
(2848, 1922, 10, 'NLS_SANTA_CRUZ', 1, 28431, 0, 0),
(2849, 1922, 10, 'NLS_TARIJA', 1, 28441, 0, 0),
(2850, 1923, 10, 'NLS_ACRE', 1, 28451, 0, 0),
(2851, 1923, 10, 'NLS_ALAGOAS', 1, 28461, 0, 0),
(2852, 1923, 10, 'NLS_AMAPA', 1, 28471, 0, 0),
(2853, 1923, 10, 'NLS_AMAZONAS', 1, 28481, 0, 0),
(2854, 1923, 10, 'NLS_BAHIA', 1, 28491, 0, 0),
(2855, 1923, 10, 'NLS_CEARA', 1, 28501, 0, 0),
(2856, 1923, 10, 'NLS_DISTRITO_FEDERAL', 1, 28511, 0, 0),
(2857, 1923, 10, 'NLS_ESPIRITO_SANTO', 1, 28521, 0, 0),
(2858, 1923, 10, 'NLS_MATO_GROSSO_DO_SUL', 1, 28531, 0, 0),
(2859, 1923, 10, 'NLS_MARANHAO', 1, 28541, 0, 0),
(2860, 1923, 10, 'NLS_MATO_GROSSO', 1, 28551, 0, 0),
(2861, 1923, 10, 'NLS_MINAS_GERAIS', 1, 28561, 0, 0),
(2862, 1923, 10, 'NLS_PARA', 1, 28571, 0, 0),
(2863, 1923, 10, 'NLS_PARAIBA', 1, 28581, 0, 0),
(2864, 1923, 10, 'NLS_PARANA', 1, 28591, 0, 0),
(2865, 1923, 10, 'NLS_PIAUI', 1, 28601, 0, 0),
(2866, 1923, 10, 'NLS_RIO_DE_JANEIRO', 1, 28611, 0, 0),
(2867, 1923, 10, 'NLS_RIO_GRANDE_DO_NORTE', 1, 28621, 0, 0),
(2868, 1923, 10, 'NLS_RIO_GRANDE_DO_SUL', 1, 28631, 0, 0),
(2869, 1923, 10, 'NLS_RONDONIA', 1, 28641, 0, 0),
(2870, 1923, 10, 'NLS_RORAIMA', 1, 28651, 0, 0),
(2871, 1923, 10, 'NLS_SANTA_CATARINA', 1, 28661, 0, 0),
(2872, 1923, 10, 'NLS_SAO_PAULO', 1, 28671, 0, 0),
(2873, 1923, 10, 'NLS_SERGIPE', 1, 28681, 0, 0),
(2874, 1923, 10, 'NLS_GOIAS', 1, 28691, 0, 0),
(2875, 1923, 10, 'NLS_PERNAMBUCO', 1, 28701, 0, 0),
(2876, 1923, 10, 'NLS_TOCANTINS', 1, 28711, 0, 0),
(2877, 1924, 10, 'NLS_VALPARAISO', 1, 28721, 0, 0),
(2878, 1924, 10, 'NLS_AISEN_DEL_GENERAL_CARLOS_IBANEZ_DEL_CAMPO', 1, 28731, 0, 0),
(2879, 1924, 10, 'NLS_ANTOFAGASTA', 1, 28741, 0, 0),
(2880, 1924, 10, 'NLS_ARAUCANIA', 1, 28751, 0, 0),
(2881, 1924, 10, 'NLS_ATACAMA', 1, 28761, 0, 0),
(2882, 1924, 10, 'NLS_BIO_BIO', 1, 28771, 0, 0),
(2883, 1924, 10, 'NLS_COQUIMBO', 1, 28781, 0, 0),
(2884, 1924, 10, 'NLS_LIBERTADOR_GENERAL_BERNARDO_O_HIGGINS', 1, 28791, 0, 0),
(2886, 1924, 10, 'NLS_MAGALLANES_Y_DE_LA_ANTARTICA_CHILENA', 1, 28811, 0, 0),
(2887, 1924, 10, 'NLS_MAULE', 1, 28821, 0, 0),
(2888, 1924, 10, 'NLS_REGION_METROPOLITANA', 1, 28831, 0, 0),
(2889, 1924, 10, 'NLS_TARAPACA', 1, 28841, 0, 0),
(2890, 1924, 10, 'NLS_LOS_LAGOS', 1, 28851, 0, 0),
(2891, 1924, 10, 'NLS_TARAPACA', 1, 28861, 0, 0),
(2892, 1924, 10, 'NLS_ARICA_Y_PARINACOTA', 1, 28871, 0, 0),
(2893, 1924, 10, 'NLS_LOS_RIOS', 1, 28881, 0, 0),
(2894, 1925, 10, 'NLS_AMAZONAS', 1, 28891, 0, 0),
(2895, 1925, 10, 'NLS_ANTIOQUIA', 1, 28901, 0, 0),
(2896, 1925, 10, 'NLS_ARAUCA', 1, 28911, 0, 0),
(2897, 1925, 10, 'NLS_ATLANTICO', 1, 28921, 0, 0),
(2898, 1925, 10, 'NLS_BOLIVAR_DEPARTMENT', 1, 28931, 0, 0),
(2899, 1925, 10, 'NLS_BOYACA_DEPARTMENT', 1, 28941, 0, 0),
(2900, 1925, 10, 'NLS_CALDAS_DEPARTMENT', 1, 28951, 0, 0),
(2901, 1925, 10, 'NLS_CAQUETA', 1, 28961, 0, 0),
(2902, 1925, 10, 'NLS_CAUCA', 1, 28971, 0, 0),
(2903, 1925, 10, 'NLS_CESAR', 1, 28981, 0, 0),
(2904, 1925, 10, 'NLS_CHOCO', 1, 28991, 0, 0),
(2905, 1925, 10, 'NLS_CORDOBA', 1, 29001, 0, 0),
(2906, 1925, 10, 'NLS_GUAVIARE', 1, 29011, 0, 0),
(2907, 1925, 10, 'NLS_GUAINIA', 1, 29021, 0, 0),
(2908, 1925, 10, 'NLS_HUILA', 1, 29031, 0, 0),
(2909, 1925, 10, 'NLS_LA_GUAJIRA', 1, 29041, 0, 0),
(2910, 1925, 10, 'NLS_MAGDALENA_DEPARTMENT', 1, 29051, 0, 0),
(2911, 1925, 10, 'NLS_META', 1, 29061, 0, 0),
(2912, 1925, 10, 'NLS_NARINO', 1, 29071, 0, 0),
(2913, 1925, 10, 'NLS_NORTE_DE_SANTANDER', 1, 29081, 0, 0),
(2914, 1925, 10, 'NLS_PUTUMAYO', 1, 29091, 0, 0),
(2915, 1925, 10, 'NLS_QUINDIO', 1, 29101, 0, 0),
(2916, 1925, 10, 'NLS_RISARALDA', 1, 29111, 0, 0),
(2917, 1925, 10, 'NLS_SAN_ANDRES_Y_PROVIDENCIA', 1, 29121, 0, 0),
(2918, 1925, 10, 'NLS_SANTANDER', 1, 29131, 0, 0),
(2919, 1925, 10, 'NLS_SUCRE', 1, 29141, 0, 0),
(2920, 1925, 10, 'NLS_TOLIMA', 1, 29151, 0, 0),
(2921, 1925, 10, 'NLS_VALLE_DEL_CAUCA', 1, 29161, 0, 0),
(2922, 1925, 10, 'NLS_VAUPES', 1, 29171, 0, 0),
(2923, 1925, 10, 'NLS_VICHADA', 1, 29181, 0, 0),
(2924, 1925, 10, 'NLS_CASANARE', 1, 29191, 0, 0),
(2925, 1925, 10, 'NLS_CUNDINAMARCA', 1, 29201, 0, 0),
(2926, 1925, 10, 'NLS_DISTRITO_ESPECIAL', 1, 29211, 0, 0),
(2927, 1925, 10, 'NLS_BOLIVAR', 1, 29221, 0, 0),
(2928, 1925, 10, 'NLS_BOYACA', 1, 29231, 0, 0),
(2929, 1925, 10, 'NLS_CALDAS', 1, 29241, 0, 0),
(2930, 1925, 10, 'NLS_MAGDALENA', 1, 29251, 0, 0),
(2931, 1926, 10, 'NLS_GALAPAGOS', 1, 29261, 0, 0),
(2932, 1926, 10, 'NLS_AZUAY', 1, 29271, 0, 0),
(2933, 1926, 10, 'NLS_BOLIVAR', 1, 29281, 0, 0),
(2934, 1926, 10, 'NLS_CANAR', 1, 29291, 0, 0),
(2935, 1926, 10, 'NLS_CARCHI', 1, 29301, 0, 0),
(2936, 1926, 10, 'NLS_CHIMBORAZO', 1, 29311, 0, 0),
(2937, 1926, 10, 'NLS_COTOPAXI', 1, 29321, 0, 0),
(2938, 1926, 10, 'NLS_EL_ORO', 1, 29331, 0, 0),
(2939, 1926, 10, 'NLS_ESMERALDAS', 1, 29341, 0, 0),
(2940, 1926, 10, 'NLS_GUAYAS', 1, 29351, 0, 0),
(2941, 1926, 10, 'NLS_IMBABURA', 1, 29361, 0, 0),
(2942, 1926, 10, 'NLS_LOJA', 1, 29371, 0, 0),
(2943, 1926, 10, 'NLS_LOS_RIOS', 1, 29381, 0, 0),
(2944, 1926, 10, 'NLS_MANABI', 1, 29391, 0, 0),
(2945, 1926, 10, 'NLS_MORONA_SANTIAGO', 1, 29401, 0, 0),
(2946, 1926, 10, 'NLS_PASTAZA', 1, 29411, 0, 0),
(2947, 1926, 10, 'NLS_PICHINCHA', 1, 29421, 0, 0),
(2948, 1926, 10, 'NLS_TUNGURAHUA', 1, 29431, 0, 0),
(2949, 1926, 10, 'NLS_ZAMORA_CHINCHIPE', 1, 29441, 0, 0),
(2950, 1926, 10, 'NLS_SUCUMBIOS', 1, 29451, 0, 0),
(2951, 1926, 10, 'NLS_NAPO', 1, 29461, 0, 0),
(2952, 1926, 10, 'NLS_ORELLANA', 1, 29471, 0, 0),
(2953, 1929, 10, 'NLS_BARIMA_WAINI', 1, 29481, 0, 0),
(2954, 1929, 10, 'NLS_CUYUNI_MAZARUNI', 1, 29491, 0, 0),
(2955, 1929, 10, 'NLS_DEMERARA_MAHAICA', 1, 29501, 0, 0),
(2956, 1929, 10, 'NLS_EAST_BERBICE_CORENTYNE', 1, 29511, 0, 0),
(2957, 1929, 10, 'NLS_ESSEQUIBO_ISLANDS_WEST_DEMERARA', 1, 29521, 0, 0),
(2958, 1929, 10, 'NLS_MAHAICA_BERBICE', 1, 29531, 0, 0),
(2959, 1929, 10, 'NLS_POMEROON_SUPENAAM', 1, 29541, 0, 0),
(2960, 1929, 10, 'NLS_POTARO_SIPARUNI', 1, 29551, 0, 0),
(2961, 1929, 10, 'NLS_UPPER_DEMERARA_BERBICE', 1, 29561, 0, 0),
(2962, 1929, 10, 'NLS_UPPER_TAKUTU_UPPER_ESSEQUIBO', 1, 29571, 0, 0),
(2963, 1930, 10, 'NLS_ALTO_PARANA', 1, 29581, 0, 0),
(2964, 1930, 10, 'NLS_AMAMBAY', 1, 29591, 0, 0),
(2965, 1930, 10, 'NLS_BOQUERON', 1, 29601, 0, 0),
(2966, 1930, 10, 'NLS_CAAGUAZU', 1, 29611, 0, 0),
(2967, 1930, 10, 'NLS_CAAZAPA', 1, 29621, 0, 0),
(2968, 1930, 10, 'NLS_CENTRAL', 1, 29631, 0, 0),
(2969, 1930, 10, 'NLS_CONCEPCION', 1, 29641, 0, 0),
(2970, 1930, 10, 'NLS_CORDILLERA', 1, 29651, 0, 0),
(2971, 1930, 10, 'NLS_GUAIRA', 1, 29661, 0, 0),
(2972, 1930, 10, 'NLS_ITAPUA', 1, 29671, 0, 0),
(2973, 1930, 10, 'NLS_MISIONES', 1, 29681, 0, 0),
(2974, 1930, 10, 'NLS_NEEMBUCU', 1, 29691, 0, 0),
(2975, 1930, 10, 'NLS_PARAGUARI', 1, 29701, 0, 0),
(2976, 1930, 10, 'NLS_PRESIDENTE_HAYES', 1, 29711, 0, 0),
(2977, 1930, 10, 'NLS_SAN_PEDRO', 1, 29721, 0, 0),
(2978, 1930, 10, 'NLS_CANINDEYU', 1, 29731, 0, 0),
(2979, 1930, 10, 'NLS_CHACO', 1, 29741, 0, 0),
(2980, 1930, 10, 'NLS_NUEVA_ASUNCION', 1, 29751, 0, 0),
(2981, 1930, 10, 'NLS_ALTO_PARAGUAY', 1, 29761, 0, 0),
(2982, 1931, 10, 'NLS_AMAZONAS', 1, 29771, 0, 0),
(2983, 1931, 10, 'NLS_ANCASH', 1, 29781, 0, 0),
(2984, 1931, 10, 'NLS_APURIMAC', 1, 29791, 0, 0),
(2985, 1931, 10, 'NLS_AREQUIPA', 1, 29801, 0, 0),
(2986, 1931, 10, 'NLS_AYACUCHO', 1, 29811, 0, 0),
(2987, 1931, 10, 'NLS_CAJAMARCA', 1, 29821, 0, 0),
(2988, 1931, 10, 'NLS_CALLAO', 1, 29831, 0, 0),
(2989, 1931, 10, 'NLS_CUSCO', 1, 29841, 0, 0),
(2990, 1931, 10, 'NLS_HUANCAVELICA', 1, 29851, 0, 0),
(2991, 1931, 10, 'NLS_HUANUCO', 1, 29861, 0, 0),
(2992, 1931, 10, 'NLS_ICA', 1, 29871, 0, 0),
(2993, 1931, 10, 'NLS_JUNIN', 1, 29881, 0, 0),
(2994, 1931, 10, 'NLS_LA_LIBERTAD', 1, 29891, 0, 0),
(2995, 1931, 10, 'NLS_LAMBAYEQUE', 1, 29901, 0, 0),
(2996, 1931, 10, 'NLS_LIMA', 1, 29911, 0, 0),
(2997, 1931, 10, 'NLS_LORETO', 1, 29921, 0, 0),
(2998, 1931, 10, 'NLS_MADRE_DE_DIOS', 1, 29931, 0, 0),
(2999, 1931, 10, 'NLS_MOQUEGUA', 1, 29941, 0, 0),
(3000, 1931, 10, 'NLS_PASCO', 1, 29951, 0, 0),
(3001, 1931, 10, 'NLS_PIURA', 1, 29961, 0, 0),
(3002, 1931, 10, 'NLS_PUNO', 1, 29971, 0, 0),
(3003, 1931, 10, 'NLS_SAN_MARTIN', 1, 29981, 0, 0),
(3004, 1931, 10, 'NLS_TACNA', 1, 29991, 0, 0),
(3005, 1931, 10, 'NLS_TUMBES', 1, 30001, 0, 0),
(3006, 1931, 10, 'NLS_UCAYALI', 1, 30011, 0, 0),
(3007, 1932, 10, 'NLS_BROKOPONDO', 1, 30021, 0, 0),
(3008, 1932, 10, 'NLS_COMMEWIJNE', 1, 30031, 0, 0),
(3009, 1932, 10, 'NLS_CORONIE', 1, 30041, 0, 0),
(3010, 1932, 10, 'NLS_MAROWIJNE', 1, 30051, 0, 0),
(3011, 1932, 10, 'NLS_NICKERIE', 1, 30061, 0, 0),
(3012, 1932, 10, 'NLS_PARA', 1, 30071, 0, 0),
(3013, 1932, 10, 'NLS_PARAMARIBO', 1, 30081, 0, 0),
(3014, 1932, 10, 'NLS_SARAMACCA', 1, 30091, 0, 0),
(3015, 1932, 10, 'NLS_SIPALIWINI', 1, 30101, 0, 0),
(3016, 1932, 10, 'NLS_WANICA', 1, 30111, 0, 0),
(3017, 1933, 10, 'NLS_ARTIGAS', 1, 30121, 0, 0),
(3018, 1933, 10, 'NLS_CANELONES', 1, 30131, 0, 0),
(3019, 1933, 10, 'NLS_CERRO_LARGO', 1, 30141, 0, 0),
(3020, 1933, 10, 'NLS_COLONIA', 1, 30151, 0, 0),
(3021, 1933, 10, 'NLS_DURAZNO', 1, 30161, 0, 0),
(3022, 1933, 10, 'NLS_FLORES', 1, 30171, 0, 0),
(3023, 1933, 10, 'NLS_FLORIDA', 1, 30181, 0, 0),
(3024, 1933, 10, 'NLS_LAVALLEJA', 1, 30191, 0, 0),
(3025, 1933, 10, 'NLS_MALDONADO', 1, 30201, 0, 0),
(3026, 1933, 10, 'NLS_MONTEVIDEO', 1, 30211, 0, 0),
(3027, 1933, 10, 'NLS_PAYSANDU', 1, 30221, 0, 0),
(3028, 1933, 10, 'NLS_RIO_NEGRO', 1, 30231, 0, 0),
(3029, 1933, 10, 'NLS_RIVERA', 1, 30241, 0, 0),
(3030, 1933, 10, 'NLS_ROCHA', 1, 30251, 0, 0),
(3031, 1933, 10, 'NLS_SALTO', 1, 30261, 0, 0),
(3032, 1933, 10, 'NLS_SAN_JOSE', 1, 30271, 0, 0),
(3033, 1933, 10, 'NLS_SORIANO', 1, 30281, 0, 0),
(3034, 1933, 10, 'NLS_TACUAREMBO', 1, 30291, 0, 0),
(3035, 1933, 10, 'NLS_TREINTA_Y_TRES', 1, 30301, 0, 0),
(3036, 1934, 10, 'NLS_AMAZONAS', 1, 30311, 0, 0),
(3037, 1934, 10, 'NLS_ANZOATEGUI', 1, 30321, 0, 0),
(3038, 1934, 10, 'NLS_APURE', 1, 30331, 0, 0),
(3039, 1934, 10, 'NLS_ARAGUA', 1, 30341, 0, 0),
(3040, 1934, 10, 'NLS_BARINAS', 1, 30351, 0, 0),
(3041, 1934, 10, 'NLS_BOLIVAR', 1, 30361, 0, 0),
(3042, 1934, 10, 'NLS_CARABOBO', 1, 30371, 0, 0),
(3043, 1934, 10, 'NLS_COJEDES', 1, 30381, 0, 0),
(3044, 1934, 10, 'NLS_DELTA_AMACURO', 1, 30391, 0, 0),
(3045, 1934, 10, 'NLS_FALCON', 1, 30401, 0, 0),
(3046, 1934, 10, 'NLS_GUARICO', 1, 30411, 0, 0),
(3047, 1934, 10, 'NLS_LARA', 1, 30421, 0, 0),
(3048, 1934, 10, 'NLS_MERIDA', 1, 30431, 0, 0),
(3049, 1934, 10, 'NLS_MIRANDA', 1, 30441, 0, 0),
(3050, 1934, 10, 'NLS_MONAGAS', 1, 30451, 0, 0),
(3051, 1934, 10, 'NLS_NUEVA_ESPARTA', 1, 30461, 0, 0),
(3052, 1934, 10, 'NLS_PORTUGUESA', 1, 30471, 0, 0),
(3053, 1934, 10, 'NLS_SUCRE', 1, 30481, 0, 0),
(3054, 1934, 10, 'NLS_TACHIRA', 1, 30491, 0, 0),
(3055, 1934, 10, 'NLS_TRUJILLO', 1, 30501, 0, 0),
(3056, 1934, 10, 'NLS_YARACUY', 1, 30511, 0, 0),
(3057, 1934, 10, 'NLS_ZULIA', 1, 30521, 0, 0),
(3058, 1934, 10, 'NLS_DEPENDENCIAS_FEDERALES', 1, 30531, 0, 0),
(3059, 1934, 10, 'NLS_DISTRITO_FEDERAL', 1, 30541, 0, 0),
(3060, 1934, 10, 'NLS_VARGAS', 1, 30551, 0, 0),
(307, 264, 9, 'NLS_RUSSIAN_FEDERATION', 1, 1, 0, 0),
(1613, 1599, 11, 'NLS_VETKA', 1, 16081, 0, 0),
(316, 307, 10, 'NLS_Belgorod Oblast', 1, 3151, 0, 0),
(256, 0, 7, 'NLS_EUROPE', 1, 2551, 0, 0),
(1601, 300, 10, 'NLS_MOGILJOVSKAJA', 1, 15961, 0, 0),
(602, 316, 11, 'NLS_BELGOROD', 1, 5971, 0, 0),
(264, 256, 8, 'NLS_EASTERN_EUROPE', 1, 2631, 0, 0),
(677, 397, 11, 'NLS_BELOZERSK', 1, 6721, 0, 0),
(1626, 1601, 11, 'NLS_GORKI', 1, 16211, 0, 0),
(686, 397, 11, 'NLS_SOKOL', 1, 6811, 0, 0),
(422, 0, 14, 'NLS_USD', 1, 4211, 0, 0),
(2013, 273, 9, 'NLS_MADAGASCAR', 1, 1, 0, 0);